Commentaires
"In the Eighties, John Hughes churned out a handful of movies and scored many, many hits. Quite rightly, as most of them were seriously funny - I'm DEFINITELY not referring to Curly Sue, so relax! In one particular scene from Uncle Buck, Macaulay Culkin interrogates a babysitter through the letterbox to make sure she's not a baddie. This inspired Hughes to write a whole new movie. Who would have known that this and its sequel would go on to become two of the biggest hits of all time? Both Hughes and Chris Columbus seem to prefer setting their movies during the holiday season (Gremlins, Planes, Trains & Automobiles, Christmas Vacation) and manage to pull them off without too much sentiment, or sickening amounts of gooey love.

There are two reasons why Home Alone was such a big success. The first is that it's about a kid who outsmarts grown-ups, something that happens every day, only there's a worldwide conspiracy of silence. This movie yells it out loud and clear. The second is John Williams's magical score, which elevates the movie way above slapstick family fare to something more serious and regarded. It was nominated for an Academy Award, along with the Christmas carol Somewhere In My Memory, but lost to John Barry's Dances with Wolves. Damn! In a mad rush to the airport one morning, the MacCallister family forget one little thing...Kevin (Culkin). He is an eight-year-old kid who wants nothing better than a peaceful Christmas and some time to himself. It's hard for him to get this when living in a house with seven other people(the exact same house from Planes, Trains And Automobiles, don't you know0. With the rest of the MacCallisters in Paris, Kevin runs wild doing whatever he wants, eating whatever he wants and watching whatever TV show he wants.

But there's one major problem. The Wet Bandits, Harry (Joe Pesci) and Marv (Daniel Stern), are on the prowl and have knocked off every other house in Kevin's street. His is next. And seeing that he's man-of-the-house now, he HAS to defend it.

Using whatever tools are at his disposal (rusty nails, blow torches, Micro Machines) he sets up a labyrinth of booby traps, so that the Wets can't break in. Their idiot-proof determination proves to be their downfall, as they are tortured and torn-up upon entering Kevin's domain.

Although this is not the only point of the film, there is an important message that family is what really matters to a child, or to anyone, and having them home for the holidays is better than wandering a huge house all by yourself.

There are some movies that work best at Christmas and this is one of them. I'm not saying that in a couple of decades it will be the new It's A Wonderful Life, but it will be remembered fondly at the very least.

Don't be a Scrooge. It's Christmastime. Go rush to check out Home Alone."
"I absolutely love the first two Home Alone movies, the third one is adequate but the fourth movie is just dreadful and makes me vomit because of what it did to two underrated gems and a little -below-average follow up. Macaulay Culkin is wonderful as Kevin. In this and Home Alone 2, which is my personal favourite, he is cute and self-assured. Alex D Linz gives a spirited performance in Home Alone 3, but Michael Weinburg just doesn't do anything with the script(which was terrible), other than whine in the fourth film. Anyway back to Home Alone. Joe Pesci and Daniel Stern steal the film, with their goofiness and charm that was evidently missed in the last two instalments. Matching them, is the late great John Candy, and here he is wonderful. Candy has starred in movies like Uncle Buck and Planes, Trains and Automobiles, both of which are hilarious. Home Alone just broadens the comedic talent, that Candy certainly had. The film looks beautiful, with very good direction, and best of all great visual jokes and traps, as well as a fun and sometimes touching script. My problem is why is the rating for both Home Alone and Home 2 so low, when almost everyone I know consider them as holiday classics? All in all, a funny, touching and underrated film, that could have been a little shorter(only by one or two minutes). 9/10 Bethany Cox"
"Christmas favourite, every year! Good acting, storyline, funny and heart warming"
"The overwhelming success of 'Home Alone' (it spawned two sequels), is enough to guarantee that most people will love this story of a family that departs for Paris on the Christmas holidays, mistakenly leaving an eight-year old boy to fend for himself. And fend he does, when burglars threaten to break in unless he can rig enough booby-traps to keep them out.

That's the simple plot in a nutshell. Macaulay Culkin seems to have no problem carrying most of the film with a wide variety of looks, gestures and expressions--but for my money it's Daniel Stern and Joe Pesci who get the main laughs as the bumbling burglars intent on outwitting the kid's traps.

Others in the cast don't have as much to do but do well enough by their roles, particularly Catherine O'Hara and John Heard as the parents who only discover on the plane that Kevin is missing. The laughs are steady, the color photography is great and the slight story is probably every boy's fantasy of what it might be like to be left home alone. Add to that the holiday flavor of Christmas and a pleasant musical score by John Williams and you have the makings of a classic.

The proof is in the pudding--they must have done something right!!"
"""Home Alone"" is one of the most popular movies from the early 90's. Its success was phenomenal and it also made Macaulay Culkin a superstar.

The plot is quite original and surreal: a child who is home alone and capable of making the bandits's lives miserable? Sure, it's an impossible story, but who cares? Far from being a perfect movie, it is however okay and fun to watch, entertaining and contains slapstick humor too although I don't like some of the language used.

Our story takes place in Chicago at Christmas time, which makes this a Christmas film. In fact, the movie has lots of Christmas decorations, lights, snow and many other details which create the feeling and magic so characteristic of Christmas. To accent the Christmas atmosphere even more, there are a cup of nice Christmas carols such as ""Rockin' Around the Christmas Tree"" (performed by Brenda Lee), ""You're a mean one, Mr. Grinch"", ""White Christmas"", ""Carol of the Bells"", ""Oh Holly Night"" and ""Have Yourself a Merry Little Christmas"" and some brilliant instrumental musics.

Kevin McCallister is the hero of the story. He's not just any kid, he's a very smart one. He also knows all about the intentions of the ""wet bandits"" Harry and Marv and prepares them lots of unexpected ""surprises"". Their lives won't be easy with Kevin defending his house. Sure, they are the villains and as such they get what they deserve, but they do suffer a lot too. We almost feel sorry for them.

The ""wet bandits"" were nicknamed like that by Marv because their ""calling card"" (according to him) was to let the water running in every houses they robbed. That said, both ""wet bandits"" are hilarious. Harry is more cranky, while Marv is the most stupid of the two (although both are stupid) and maybe that's why people tend to sympathize more with him. Marv's stupidity also makes him the funniest of the two. Marv is the typical tall and clumsy guy with no brain, a bit like Averell Dalton from the Lucky Luke comics.

The movie has lots of funny moments. The funniest for me is when Harry and Marv pretend to be Santa Claus and his elf and the way Harry speaks in that scene, followed by the even funnier part when Kevin fires at Harry's pants. Whenever Kevin fools the bandits in a try to make them believe the whole family is at home when Kevin is all alone is funny too. For some reason, I also find funny whenever Kevin screams maniacally (particularly when he says he's not afraid anymore and sees Old Marley and screams out loud.

The scenes which Kevin fools and scares the Little Nero's Pizza boy and Marv with the gangster film ""Angels with Filthy Souls"" are hilarious, but in the case of the Pizza boy it is unfair for him. There was no need to scare the hell out of him - he was just delivering pizza and wasn't after Kevin.

Old Marley is an interesting character. I always felt sorry for him because of the lies Buzz tells about him. And the man never did anything bad to anyone. Buzz is a jerk and Uncle Frank is even worse. Buzz is mean for Kevin and Uncle Frank openly dislikes Kevin. When Uncle Frank tells Kevin «Look what you did, you little jerk!», Kevin's parents should tell him something like «Frank, stay out of this and shut up!».

The church is magnificent. It's one of the biggest and most beautiful churches I've ever seen in a movie.

Macaulay Culkin is terrific as the clever kid Kevin McCallister. Joe Pesci and Daniel Stern are awesome as the ""wet bandits"" and Roberts Blossom is great as the character Old Marley. It's also delightful to see John Candy as Gus Polinski, the «Polka King of the Midwest»."
"'Home Alone' has succeeded in establishing itself as a Christmas tradition, spawning off three sequels (including a made-for-television flop), and a whole franchise in and of it.

Macaulay Culkin plays Kevin McCallister, the average American child. He has an attitude almost expected of a Chris Columbus film from the eighties. He lives with a large family, which, right now, being around Christmas time, is about quadrupled, flooded by relatives' children, all of whom pick on poor, poor Kevin (sympathy long lost later into the film).

One day Kevin wakes up from his sleep to find his wish has come true: his parents (John Heard and Catherine O'Hara) have disappeared. Enthralled by this, he proceeds to do everything and anything he was not allowed to do before, including eating ice cream in the morning, watching violent gangster films, jumping on the bed, wrecking his brother's room, and having some fun with a BB gun. Unfortunately for Kevin, his parents have not just disappeared - they have accidentally left him at home before going to Paris!

Trouble really starts when two pesky burglars, Harry Lime (Joe Pesci) and Marv Merchants (Daniel Stern), decide that their next burglary will be at the McCallister residence. Little do they know Kevin is more than prepared, arming the house with an array of booby-traps that would impress top spies in the American government.

John Hughes, writer/director/producer of my favorite comedy, 'Planes, Trains and Automobiles,' wrote this film, and it is no wonder. It is just like Hughes' humor. It mixes emotion, belly laughs and a warm-hearted ending all into one little bundle called a movie. John Hughes' films, in my experience, are usually very good, mainly because he approaches films at a very classic level. He doesn't resort to crude, kid jokes, like 'The Master of Disguise' or 'The Tuxedo,' to name a few recent flops. He almost always levels everything out perfectly in his scripts, and nothing is different here. Also, he places Kevin and co. in a large brick home in a large neighborhood in Chicago; a home that very much resembles those in 'Planes.' and 'Uncle Buck' (I would not be surprised if it is the same home).

As for the acting.

Macaulay Culkin is not at his best here. His best performance would have to be in an earlier John Hughes film named 'Uncle Buck,' where he had more of a cute charm than an acting charm. Here, he could barely act his way out of a plastic bag. Fortunately, with great performances by John Heard, Catherine O'Hara, Pesci and Stern, his bad acting is long forgotten by the time we become absorbed into the film.

John Heard and Catherine O'Hara bring Kevin's parents to life. They seem almost complete opposites. Kevin's father, Peter (Heard), is very calm and laidback. His mother, Kate (O'Hara) is extremely nervous almost all the time, fretting throughout the film. She is aggravated very easily and, like all mothers, her instinctive nature to care for her child is what drives her to the point she goes to in the film.

And then there's Pesci and Stern. My favorite lot of the film. They perfectly blend humor, pain and aggravation to the film.

Pesci's character Harry is very strict, easily agitated and picks on Marv for a great many things. Marv, the stereotypical 'tall, stupid one,' is completely stupid. He does things that would make a hamster blush. Yet he is the character I have found many like the most, mainly because he is so stupid you have to feel sorry for him. Stern brings a great trait to the character of Marv, and I am very pleased he got the part. It's a hard choice to decide which baddie is better, so I just say I like them both the same.

All in all, 'Home Alone' is probably the best Christmas movie to rise out of the film industry in the last twenty years. It seamlessly blends humor, pain, emotion, human instinct and some great booby-traps all into one little bundle. This film has stood the test of time greatly.

4.5/5 stars -"
"This type of family comedy truthfully works better if you are grown up with the stooges. Because this film has a climactic scene with more slapstick than most can take. I can though. But if you think this is strictly a kids film, parents will like it too I bet. The plot follows a kid (Macaulay Kulkin) who gets left behind in a Chicago suburb while his family leaves for Paris. And though the house is all his, 2 burglars (Joe Pesci and Daniel Stern who give the best on-screen duo of 1990) want the house. But not without the climax. While most of the film is unbelievable (both good and bad), most of the film should keep families in good spirits, unless parents don't enjoy seeing Pesci getting his head on fire and Stern screaming like a girl. Funny, even if it's not John Hughes' (writer/producer here) best. B+"
"Seen this classic so many times and never ceases to get old. With a bunch of great scenery, adorableness, original vibes, and comedy! Macaulay Culkin shined so much, he deserved the millions earned for his role. I love how Joe Pesci went from Scorsese films where he swore so much where as in this he had to bite his tongue. John Hughe was a gifted writer that helmed some gems!"
"I HAVE REVIEWED OVER 400 (C H R I S T M A S ) MOVIES AND SPECIALS.

BEWARE OF SOME REVIEWERS THAT ONLY HAVE ONLY ONE REVIEW. WHEN ITS A POSITIVE THERE IS A GOOD CHANCE THEY WERE INVOLVED WITH THE PRODUCTION. NOW I HAVE NO AGENDA! I AM HONEST! I REVIEW MOVIES & SPECIALS AS A WAY TO KEEP TRACK OF WHAT I HAVE SEEN! I HAVE DISCOVERED MANY GEMS IN MY QUEST TO SEE AS MANY Christmas MOVIES AS I CAN.

Maybe the most successful ""Christmas Movie"" of all time and it's easy to understand why. The film made Macaulay Culkin a household name and the biggest child star since Shirley Temple.

In this film a child get left behind on accident in his Chicago home while his family has flown off for Christmas.

This film takes place in Chicago, the McCallister family is preparing for a Christmas vacation in Paris. On the night before their departure, the entire family gathers at Peter and Kate's home, where their son, Kevin, is ridiculed by his siblings and cousins. After a scuffle with his older brother, Buzz, Kevin is sent to the third floor of the house, where he wishes that his family would disappear. During the night, heavy winds cause damage to power lines, which causes the alarm clocks to reset; consequently, the family oversleeps. In the confusion and rush to get to the airport in time to catch their flight, Kevin is accidentally left behind.

Later, Kevin wakes up to find the house empty and, thinking his wish has come true, is overjoyed with his new-found freedom. However, Kevin's joy turns to fear as he encounters his next door neighbor, ""Old Man"" Marley, who is rumored to have murdered his family with a snow shovel in 1958; he also encounters the ""Wet Bandits"", Harry and Marv, a pair of burglars who have been breaking into other vacant houses in the neighborhood and have targeted the McCallisters' house. Kevin initially manages to keep them away by making the house look as if the family is home, but they eventually realize the deception.

This film is one of the best Christmas movies however at first it is a little slow on the set-up."
"Home Alone is one of the best slapstick comedies I have ever seen.

The comedy is top-notch, the slapstick is fantastic.

It's not just that, the direction, editing, and pacing are immaculate.

And obviously Macaulay Culkin, Joe Pesci, and Daniel Stern are phenomenal here, I can't imagine them being played by anyone else, they are just perfect.

Some of these edits wouldn't be in films like this today.

But this movie is also delightful, dare I say even a little heartwarming, it's the perfect Christmas movie to watch every year.

I'm gonna give Home Alone an A+."
"Take a cheeky eight-year-old, put him in a situation he has to slapstick his way out of with the kind of antics most cartoon characters wouldn't survive, and what you have is one of the most wildly popular, commercially successful comedies of all time. And when it's over, though most likely you'll have had a good time, you'll be tempted to ask the question: Why? Because `Home Alone,' directed by Chris Columbus and written by John Hughes, is mediocre at best, though it does have it's moments. It's a matter of the filmmakers being very astute, perhaps, and wisely mixing in a potpourri of elements with universal appeal and touching upon that common nerve they calculated would give just about anyone in the audience something to which they could relate. And they were right. Kids, Christmas, family, vacation, independence, a scary situation; it's all in here. But, interestingly enough, it lacks the sentimental value that would seemingly have made this a movie one could truly embrace. As it is, it's engaging fare, but somehow manages to keep the viewer at arm's length. Then again, maybe that's even part of the appeal; it may be that audiences at this particular time and place were more comfortable just watching without having to invest anything of themselves in order to have a good time.

This was, after all, 1990, and this film played to a generation weaned on more than a decade of Saturday Night Live, whose keen sense of biting satire and parody definitely had an influence on the mind-set of audiences everywhere. And is that a bad thing? No, absolutely not. It merely points up one possible reason why a film centered around an eight-year-old with a somewhat derisive attitude could be so wholeheartedly received. Also, it may be that the second half of the film, with it's over-the-top slapstick, is what made the final impression on the audience. And this IS funny stuff; and it's going to get to even those who usually prefer humor that doesn't involve slapstick, because it's so well done. Again, credit the filmmakers with having their fingers on the pulse of our culture and standards at the time. But you also have to give credit to Joe Pesci and Daniel Stern who bring the `Wet Bandits,' Harry and Marv, to life, and know how to put across this kind of comedy, which is no easy task.

The story itself is simple: The extended McCallister family sets off for a Christmas vacation in Paris, and inadvertently, Kevin (Macaulay Culkin) gets left behind. Left alone. At home. Where, rising to the occasion beyond anything even the most prodigious teenager could manage, he discovers the thrill of being independent and thwarts a pair of bungling burglars in the balance. Meanwhile, mom and dad (Catherine O'Hara as Kate, John Heard as Peter) go out of their minds when they get to Paris and discover what has happened. If only they knew what an ingenious and imaginative son they had...

Culkin is certainly a cute kid, but can he act? Well, the jury is still out on that one. It's hard to say, since the dialogue he is given is so ridiculously above that of an eight-year-old, and the situations he encounters are so far-fetched, that there is no real frame of reference by which to consider it objectively. His timing and rhythm are lacking, however, that much is clear. His responses-- or, if you will, the punch lines he delivers-- are always a beat behind what they should be. And it robs the humor of the spontaneity that would have made it funnier, even hilarious. As it is, the only real laughs come from Kevin's assault on the Wet Bandits, and there are plenty to be had there.

Pesci and Stern become the real stars of the show as they play out their slapstick antics, which are truly deserving of the laughs they generate. Their expressions of incredulity in the face of the violence that is visited upon them is what makes this movie. Everything else merely sets the stage for Harry and Marv's descent into the maelstrom. And what Pesci and Stern do here should not be taken for granted, nor taken lightly artistically. To put this kind of humor across takes some real talent on the part of consummate professionals, and Pesci and Stern certainly deliver it. Their secret? They play it straight, which keeps the silliness out of it. Had they played it strictly as farce, it simply wouldn't have had the same impact; but by playing to the characters in the situation, rather than to a situation involving characters, it works. And, once again, chalk up another one for Columbus and Hughes, who really know how to deliver this kind of material.

The only truly poignant moment in the film involves Kevin's encounter with a mysterious neighbor, `Old Man Marley,' played wonderfully by character actor/poet Roberts Blossom. The revelation of his secret earlier in the film sets up the purest moment of the ending, and though it is brief, it's inspired and adds a much needed perspective to the story.

The supporting cast includes Devin Ratray (Buzz), Angela Goethals (Linnie), Gerry Bamman (Uncle Frank), Hillary Wolf (Aunt Leslie), Ralph Foody (Gangster Johnny), Billie Bird (Irene), Bill Erwin (Ed) and John Candy, memorable in the role of Gus Polinski, the Polka Band shuttle Chief. Considering the ratio between this movie's substance and the success it still enjoys today, `Home Alone' is something of an anomaly in the history of the genre. it lacks insight, yet delivers some real belly laughs. It lacks a single character the audience can truly embrace, yet is accepted overwhelmingly as is. It lacks inspiration, yet is an inspired film in the way it is crafted and delivered. It's one you're probably going to like and enjoy, but upon reflection may wonder, `Why.' And the answer? Who can say. Go figure. It's the magic of the movies. 6/10."
"I've always been rather fond of the ""little guy"" finally showing the ""big guy"" that it's not safe to assume that you can get away with anything you want. Although the first half or more of this movie is of the sort of humor that really turns me off, the revenge of the little guy is beautifully done, and the bad guys (who are delightfully inept) get exactly what's coming to them.

If you enjoy the ""Coyote/RoadRunner"" cartoons, you'll certainly enjoy the latter portions of this movie. If you don't enjoy those cartoons, don't bother with this film."
"""Home Alone"" is a hilarious film about a young boy (Macaulay Culkin) who is accidently left home during the Christmas holidays after the rest of his family goes to Europe. At first Culkin loves the situation, but soon he is scared to death when he learns that burglars Joe Pesci and Daniel Stern are targeting his house. However, Culkin is pretty smart for an eight-year-old and he has plans for them when they attack. Chris Columbus' direction is smart and so is the over-achieving screenplay. This film has a little bit of something for everyone and the fact that the backdrop is the Christmas holidays, only makes it that much more special. All the performers do well and in the end the film also does. 4 stars out of 5."
"I'm a young adult, and not a huge fan of the kids movies these days. Some people would classify this as a kids movie, but I think it's more of a classic. I grew up seeing this on TV every winter, and it's still one of my favorites. The sequels are awful, as are most sequels...but the original Home Alone is fantastic. I STILL laugh when I watch it. It's really one of those ""feel good"" movies, the kind that make you want to cuddle up on the couch with family and relax and enjoy it.

If you haven't seen it yet, you're missing out on a great Christmas movie. Heck, it's even great for a rainy day. Watch it, you'll love it! I wish it were on more often!"
The first 2 movies will always be my favourite just like for most people these movies never get old still love watching them even today
"I can only watch this movie if I fast forward past the scenes with Kevins family. His parents are ignorant uncaring people as are his cousins who are the ugliest meanest kids ever. His Uncle is a lowly POS mooching ahole as is his bullying foul mouthed toad of an older brother. I hated all of them and wished the plane the were on would crash . There is one scene where the POS Uncle tells his wife to steal the silverware they are given on the plane .

I mean what a scumbag.

The best parts of the movie are when Kevin and the 2 bumbling crooks Marv and Harry are onscreen. There's also a scene with the older neighbor in a church that is really tender and heartfelt. Even after the family returns at the end of the movie, they still show little concern or sympathy for Kevin after leaving him alone- they are selfish mean spirited people who just walk away and leave Kevin by himself again . 7/10 - I take away 3 stars for the awful family ."
"My all time favorite film. Macaulay Culkin did superbly as a child actor, but as he grew up, he simply disappeared into oblivion. His last good film being Ritchie Rich (1994), live-action film adaptation of the Harvey Comics comic book character Richie Rich.

So from his highest grossing film Home Alone to Richie Rich is only a 4 year reign.

In this film we have the pairing of two talented actors in Joe Pesci and Daniel Stern(I REALLY LIKE THE WAY THIS GUY ACTS & HIS SENSE OF HUMOR!!!). They are a pair of burglars Harry Lyme (Pesci) and Marv Merchants (Stern), specializing in housebreaking when the occupants are off on holiday. This time its on Christmas. The McCallister's have planned a trip to Paris. Meanwhile Harry has his sights set on the McCallister House.

However things don't necessarily go as planned... Kevin has been forgotten at home and the McCallister's realize this too late.

Now Kevin is all alone against a duo of hardened(?), professional(?) crooks. 2 vs. 1 is not a fair fight(or so you think...).

What happens next is why this film has become the most grossing American comedy film of 1990. I WON'T reveal what happens next, so either go see it at a Cinema you like or watch it on DVD/CABLE or ONLINE or buy the DVD either at a DVD store or online.

This film has a decent sequel: Home Alone 2: Lost in New York which follows the further mishaps in the life of Kevin.

Other Macaulay Culkin films worth seeing/having: Uncle Buck, The Good Son, My Girl, Getting Even with Dad, and Richie Rich."
This is one of my favourite films but I have read that a new version is to be filmed in early 2020. NOooooooooo! It does not need to be remade. It stands the test of time and is as funny now as it was on its release.
"Incredible movie. Best in class. Christmas movies at their very best. Culkin is great. The antics he pulls are a must see. Storyline goes by in a flash but so fun.

Must see!!!

7 stars"
"Doesn't this movie make you all warm and tingly inside? Okay, the story is not entirely credible but it's a good idea, the story build-up is pretty straight-forward and easy so it can appeal to a very wide audience. You've probably seen this movie a thousand times by now and there's a big chance you didn't get tired of it. If you love Christmas and the Christmas spirit, you'll probably love this.

For those who haven't seen the movie yet: the story is about a little boy whose parents go to Paris for Christmas and forget their son. He wakes up all alone and his mother only discovers she forgot him when she's already on a departed plane. A burglar duo, fully aware of their departure, drops by to steal some valuables and the little boy Kevin as ""new man of the house"" feels responsible and obliged to defend his fortress of solitude.

It has all the cuddly and mellow themes of Christmas, like unconditional love for family and friends, the destructive power of prejudice and fear, values like charity, mercy and generosity. And what's wrong with a little corniness in life?"
"I had never seen this and got the opportunity recently when the child in my life begged to rent it as she had heard wonderful things about it.

I expected fluff, a simplistic plot and two hours of enduring the smarmy child actor Macauley Culkin. Not too bad a trade off so that the child would enjoy a movie she wanted to see.

Oh dear. Halfway through it I looked at her and said what would you rate this one out of 10? 5, was the response. We are expected to believe that an 8 year old who cannot tie his own shoelaces comes up with incredible booby traps for some burglars who want to rob the house (rigging lines between trees, heating up door knobs to name very few out of many). One with a master's in engineering would not be able to figure out most of them.

But the very worst features were these dim-bulb parents who sit in first class while their children go unsupervised in economy on a flight to Paris (9 hours, people!)who cannot fire up a brain cell between them in Paris to get the police, Children's Aid, emergency services (they never have friends and relatives in Hollywoodland)to go to the house and get the child.

How hard is it to count your children when you have only three??? The child has not been streetproofed and does not know to call 911 either. And on and on.

It is one of the most appalling movies I have ever seen. At the end the child and I agreed, 4 out of 10.

The old man (Roberts Blossom) was sweet and Catherine O'Hara, whom I normally admire, is right up there with horror moms of all time."
"There is no film to put beside Home Alone by way of comparison. It is a film genre of it's own. I read and hear reviews of this movie that express disgust and horror and I picture John Hughes chuckling. This was the intent, it was meant to upset the status quo and in ""politically correct"" times that we live in, isn't it a small surprise to see this film come to the forefront again? This is a movie that will freak out the uptight for as long as it exists in any media. It was meant to. As much as ""Clockwork Orange"" talked about ""ultraviolence"" this movie is all about ultra-bad pranks. We can numb ourselves to sex and violence but Home Alone is a movie you just will never get used to. There will be something in this movie that will get to you. As a last resort to make sure everyone is offended before you leave the theatre, John includes the always discussed paint can scene. No reason for this scene, except to make sure he gets you and also to make sure you leave talking about it. Obviously filmed on a budget, and using Hughe's stock cast, this is a movie simply about a young kid whose parents forget him while they go on vacation. All the characters are bizarre in one way or another. This movie reminds me of ""Rocky Horror Picture Show"" in that everyone in the film has something odd about them and both movies joyfully celebrate these uniquenesses. Not a movie to buy for Mom on Mother's Day... but worth seeing just to say you did."
"Home Alone is arguably one of the funniest movies ever! Its really good. The cast is very good! It was sweet to see John Candy in it! The team work of Joe Pesci and Daniel Stern is just not insanely hilarious but its also incredible that the two are so good together and I like how their scenes of punishment is followed right after the other! I think John Heard looks like Bruce Willis! I like Catherine O'Hara, she is a fine actress! Look for Larry Hankin and Roberts Blossom! John Williams has another great score here!This is a perfect movie for people to watch around Christmas and if you need a big laugh watch this as it will crack you up! Also, I strongly recommend Home Alone 2! It arguably funnier then this plus Time Curry, Brenda Fricker, and Rod Sell appears in it! Both movies are strongly recommended!"
"Home Alone has a rather thin plot but makes up for it with all that cartoon-like violence. Joe Pesci and Daniel Stern give wonderful performances and are the best thing in this movie. Macaulay Culkin is an okay actor, nothing special, but okay. Home Alone is best watched during the holidays. That is when it can be most enjoyed."
"This is an odd one; I can't tell you how many times I've seen this film, yet every time is like the first. It just makes no lasting impression, and I'm always left feeling kind of cheated. The real problem here is that the only truly entertaining thing in the film(not the only funny, mind you) are the scenes of Kevin scaring off the burglars and the finale(which I won't write here, in case anyone reading this review hasn't seen the film yet). That's it. The rest of the film, sure, there are funny scenes, lines and such... but no real entertainment. The scenes of Kevin by himself, in the house, doing adult stuff are cute, but once you're over the age of ten, you won't really find them entertaining or funny... maybe you won't even see the charm I'm certain I must have seen in the scenes when I was younger. So what are we left with? Plenty of humor, some of which actually works and a few scenes of entertainment. About ten minutes of actual entertainment scattered over just over 100 minutes of film. That's just not enough. The plot is decent, but derivative and unoriginal. The characters are cardboard cutouts. The acting is fine, but no one is particularly impressive. John Williams' score is pretty good. What really bugs me about this film is the portrayal of violence as fun, and OK as long as it's against criminals. This is a film for children; is it really a good idea to show violence like that? To make it fun... and OK? I recommend this film only to people who are too smart to copy it... and it helps if you have a childish sense of humor. 6/10"
"If you're reading this in 2021, then you should know that it was exactly 31 years ago, in the month of November, that Home Alone was released in theaters. That striking fact alone is quite revealing, particularly because this film hasn't ""aged"" at all and is still artistically and cinematically relevant even today.

There is very little I say about this absurdly entertaining film that likely hasn't been thoroughly covered already. Home Alone is arguably the quintessential modern day holiday film that could only come from the exceptionally gifted mind of the late writer/director/producer, John Hughes. .

I purchased the Family Fun Edition DVD for the generous wealth of ""extras"" which include a camera interview with child star Macaulay Culkin, loads of deleted scenes, featurettes, a handful of games, and even a optional commentary track with the director, Chris Columbus, and the featured star, Macaulay Culkin.

As always, no spoilers here, but I will reveal that in ""real life"" co-star Daniel Stern has morbid arachnophobia (fear of spiders)."
"It's been more than thirty years since this film was released and I confess that, having seen it at the cinema at the time and found it amusing, in its unpretentious style of mainstream Christmas entertainment, I never thought it would become a classic that my adult son and cinephile, asked me to review with him.

I thought it didn't even shows aging (well, today it would be a scandal to base a Christmas comedy on a couple who goes on vacation and forgets a child at home, at the very least they would have custody removed and the child given up for adoption), but it remains a fun movie. An irresistible combination that makes it an enormous and apparently lasting success: Christmas, a comedy accessible to the general public and a child as the protagonist. A magic formula for success."
"Eight year old Kevin McCallister (Macaulay Culkin, in his appealing break through lead performance) is frustrated enough with his family to ""wish them away"". And he gets this wish, sort of, when the entire family - parents, siblings, aunt & uncle & cousins included - is in such a rush to get to the airport in time for a trip to Paris that they leave him behind. At first, he has great fun with his temporary freedom and independence, but will eventually have to save his house from being burgled by a bumbling pair of oafs, Harry and Marv, played by Joe Pesci and Daniel Stern. This he does by staging an elaborate series of booby traps.

""Home Alone"" is a pretty charming little family comedy that does have quite a bit of heart to go along with all of the farce and slapstick. This material is indeed pretty funny, with Pesci and Stern playing their slow witted lowlife criminals for all that they're worth; some of their facial expressions and reactions are just hysterical. Some of it may be a bit much, and may not jibe that well with the more serious portions of the movie, but it's doubtful many kids watching are going to care that much.

It does, in the end, make a very good case for the need for family, how we're perfectly capable of taking our loved ones for granted, how to deal with one's fears and do some growing up, and in the case of Old Man Marley (the excellent veteran Roberts Blossom), how it's never too late to mend relationships. The wonderful scene between Culkin and Blossom in the church where they make a connection is indeed the best moment in the entire picture. Kevin's been administered (erroneous) warnings about the old man's supposedly sordid past, and is understandably afraid of him, and realizes how one shouldn't be too quick to believe that sort of thing.

Lovely funny woman Catherine O'Hara also does extremely well in the role of the mother willing to do anything that's humanly possible in order to atone for what she feels is an unforgivably stupid mistake. It's truly a treat to see her reunited with 'SCTV' co-star John Candy, who's as engaging as ever in his cameo role as polka star Gus Polinski. John Williams supplies an expectantly catchy score and touching song (both Oscar nominated, with song lyrics by Leslie Bricusse).

Good fun overall, with a bright wrap- up, it's not surprising that the movie would have been such an enormous hit over 20 years ago, and it continues to entertain today.

Seven out of 10."
"An eight year old boy is left home alone at Christmas when his family leave for a France vacation, not realizing he isn't on the plane with them. Two crooks attempt to rob the family home, and it is up to Kevin to protect the place! Home Alone is one of my all time favourite Christmas movies, I couldn't get enough of it as a kid growing up. There was something powerful as a child seeing another child around the same age face the bad guys and be able to defeat them.

Home Alone is basically about a family that leaves for vacation, but in the rush of getting out on time they forget that young Kevin McCallister was not with them on their way to the airport. So while they take off for Paris, Kevin wakes up to find that he is all alone in this gigantic house. It's all fun and games at first for Kevin, until he discovers that a pair of thieves plan on robbing his house thinking that the place is empty. Whiz kid Kevin sets up a number of booby traps and set ups that severely injure the bandits. Examples include one of the thieves named Harry getting his head set on fire, the other Marv gets hit in the head with an iron. These kind of stunts could kill a person in real life, but the magic of movies allows the bandits to shake it off and continue their mischief.

The acting in Home Alone is top notch! Macaulay Culkin is brilliant as Kevin McCallister, the scared yet empowered young boy who takes on the ""Wet Bandits"". Those bandits are played by Joe Pesci and Daniel Stern who add so much to the film with their performance. And you get some good screen time from stars such as Catherine O'Hara, John Heard and even John Candy. The traps that Kevin sets are smart and witty, and the location shots are perfect for the tricks he has planned for Harry and Marv.

All in all Home Alone is a classic film not only for Christmastime, but all year round. This should be seen by everyone at least once.

8/10"
"An eight-year-old troublemaker, mistakenly left home alone, Kevin is accidentally left behind when his entire and large family makes a frantic rush for the airport to a Paris journey. That's the plausible part, he is alone and besieged by botcher burglars. As two thieves come on the scene to liven things up. The issue is how Kevin must defend his home against a pair of bungling burglars on Christmas Eve. Getting wise to their plans, Kevin decides to use bobby traps at his suburban house. The bad guys start out in serious vein, which is good, but the nature of these things force them to become comic in the inevitable siege at the Kevin's house. Holy cow!. Bring Home The Laughter This Holiday Season!. When Kevin's family left for vacation, they forgot one minor detail: Kevin. But don't worry... He cooks. He cleans. He kicks some butt !. He's home alone. A family comedy without the family !.

This megahit produces genuine laughs, violent jokes, amusement, entertainment and incorporating fresh material. Macaulay Culkin is as adorable as ever with supporting cast all delivering fine interpretations. Although with an unlikely premise triggering the story, Kevin turns into a pint-sized Rambo defending his suburban castle with the resources and wile of a boy genius with a perfect timing and unlimited eherewithal. Joe Pesci and Daniel Stern steal the show , they're the targets of Culkin's wrath, enact painful slapstick (in Coyote-Road Runner style) with considerable vigor , while John Candy has a small but fun part as the leader of a polka band traveling cross-country with mom Catherine O'Hara. Adding other fine secondaries, such as: John Heard, Robert Blosson, Billie Bird, Kieran Culkin, Devin Ratray, Kristin Minter. The high-grossing movie of 1990 , surpassing ¨Jaws¨and ¨Ghost¨. This succesul film loaded with shameless gags was well directed by Chris Colombus.

Followed by ¨Home alone: Lost in New York¨ (1992) by Chris Colombus with Macaulay Culkin, Daniel Stern, Joe Pesci, Tim Curry, Brenda Fricker, Eddie Bracken, Rob Schneider, Dana Ivey, Catherine O'Hara, John Heard, it was a almost exact duplication of the original; boarding the wrong plane , troublemaker Kevin lands in NYC, where he meets crooks Pesci y Stern as prison escapees ; not so much a sequel, more of an action replay but even more violent than the original. ¨Home Alone 3¨ (1997) by Raja Gosnell (editor of the two previous films) with Alex D Linz taking over for the teenaged Culkin, Kevin Kilner, Olek Krupa, Lenny Van Dohlen, Haviland Morris, Scarlett Johansson; here some international criminals trying to recover a microchip stashed in a toy car that has the mistakenly left home alone Alex Linz, while attempting to foil their plans, this sequel fails to carry the charm of its predecessors."
"This is just one movie that I cannot stand. I am not wild about movies that are mainly about kids who get the best of adults, and this definitely fits the bill as one of those movies. What really gets me, is this kid would not have gotten into all the trouble he did if he wasn't such a brat. The family is trying to organize this big trip with all these other relatives, and all the their younger son can do is whine and complain. ""I don't want to sleep with that kid"", ""I have to have my pizza a certain way"", stuff like that...and he is supposed to be the kid we are pulling for? We get to see him left alone and do all the things kids do when they are left alone. Watch black and white old movies. Yes, and this kid is such a wimp that a black and white mobster pick scares him. Though he uses it so wisely later in the movie (yeah right, that would work). This kid somehow outsmarts the two thieves even though earlier one of them is smart enough to impersonate a police officer and check all the security of the houses in the neighborhood. I guess his intelligence went down a notch or two. Then there are the many clever traps that usually consist of someone getting hit in the groin area...ha ha ha! It is always so funny to see someone get hit there and writhe in agony. All in all this is just one bad movie that I did not care for at all. I just wish the kid got into some kind of trouble for all the problems he caused."
Just a good old christmas movie. Nice to watch when ur bored or with family. Funny. Just a great movie
"This is one of my favorite movies of all time as well as one of my favorite Christmas films.

It's also another one of my childhood gems, it's was just so much fun for so many reasons but also heartfelt at the same time. I really like the plotline as it's sort of a wishfulment fantasy being the man or woman of the house and just having complete freedom to do whatever you want and make your own rules.

There is so much to like, from the production value, which is great, really like how the traps were set up and conducted. Even the music is great, from some soundtrack bits but it's really the score by one of my favorite composers John Williams which makes it the most memorable. From that theme song which is one of my favorite themes of all time, as it has both a Christmas tune but at the same time a sense of foreboding as it reminds us as fun and cheerful as the film is there is still trouble in paradise. But another tune which is ""All of my Memories"" is just beautiful and perfectly reflects the theme of the film.

I really like the characters, from the Wet Bandits Harry and Marv played well by Joe Pechi and Daniel Stern. Both your classic comic duo much like Abbot and Costello and any other you can think about, both are so much fun as both are pretty much numb skulls.

Well Harry is more the smart one of the bunch as it seems like he the only one that really supplies the brain power of their schemes. However, this guy is no genius as his Achilles heel is that he's arrogant thinking he's so clever and listens too much to his own greed which we know both these things can make people stupid or do some stupid crap.

Marv is pretty much Harry's flunky as he's dumb. But what makes him really funny is how he's a bit of a man child sometimes, like having these delusions of grangur in being one of the most famous criminals in history by leaving the water running as their calling card as ""The Wet Bandits"", despite the fact he clearly needs a reality check as he's just increased their chances of getting caught and identified. But I really love some of his lines, he's got some great lines, one of my favorites ""he sounded like a snake"" I know a small line but it's funny on two counts.

But of course, my favorite character is the main protagonist Kevin McCallister played well by Macaulay Culkin. I really like that he's not some stereotypical annoying all smiles kid. Kevin really felt like a real kid whom is a relatable character as some of what he's gone though is some of the things that we may have experienced a time or two in our lives when we were kids.

It's interesting what kind of household he lives in which must be the busiest household I've ever seen as it seems populated with twenty plus people. I remember whenever I watch the film, I always wonder who that person or the other in the family is. I honestly wouldn't mind if they made some sort of TV program (on a premium channel) called ""The McCallister's"" where we could see Kevin and the rest of the family years later, get to know the rest of them and see what shanagans they get into. If not there's always a licensed comic book, follow up; and if one or both these happened it would be the true third sequel. Well, it's a nice thought anyway.

Alright back to Kevin, he's charismatic, has some of the best lines in the film. My favorite from him is ""This is it, don't get scared now"" yeah that's the kind of line I use whenever there is a final battle in certain Horror movies or survival horror video games. The film is almost at times like a one man play sometimes as in most scenes Kevin has only himself to talk to, but he does it so well because he's got a lot of interesting things to say.

I really love how smart he is, this guy you could say could almost be a genius as he's a tactician, from building those elaborate traps. However, he is still naive like a child which increases the relatability factor as we've been through that. Like one of my favorite scenes is seeing Kevin dig though Buzz's trunk and he first looks though a Playboy magazine and says one really funny line that cracked me up ""No clothes on anyone sickening"", yeah that what most of us and myself felt at Kevin's age.

However, the one thing about him that makes him the most enduring is he is highly sympathetic. He has a big family but he is the only one that is the most underappreciated, doesn't really get much attention nor help when he needs and asks for it, none of the breaks and for some fraked up reason seems to be the target of ridicule for most family members, seriously what the frak is everyone's problem.

Like in one scene he is trying to ask some people to help him pack a suitcase as he's never done it before, which is understandable because he's still really little which means there are a lot of things, he's never done himself before. But of course no one is or wants to help him do it, seriously not one member could take five to ten minutes of their life to show/help him pack, it wouldn't of killed them instead they act like they have more important things to do which they don't.

The worst of all is Buzz, this is a guy you sort of love to hate as he's kind of funny or even just plain hate as he really presses a wrong button with you. What I really don't like about the guy is that he's is just so full of crap; from that story he tells both Kevin and another brother about a neighbor you just see as he's telling that he has a crap eating grin on his face, so you know the story is bull crap just to get cheap amusement. And another which was eating Kevin's Cheese Pizza on purpose and insulting Kevin once more, thinking he's so funny which pushes Kevin over the edge.

I really love that Kevin retaliated, I'd do the same thing any bully that ever takes away my Cheese Pizza or even video game playing are going to meet Goku and Vegetta (my left and right fists); I know that sounds bold but human right need to be defended.

Sadly, Kevin unfortunately get punished for something that wasn't his fault, let alone doesn't even have dinner. But the last part of that scene are really sad when instead of the mom talking and exercising understanding with Kevin to hear what really happened, she just retorts in a mocking and insulting tone, which I thought was uncool, I guess she forgot the old saying ""if you have nothing nice to say, don't say anything at all"" At that moment I just knew that was the final straw and Karma was about to come down on the family hard.

There are so many great and memorable scenes and moments throughout the film, so there is hardly a dull moment.

One of my favorite scenes no doubt is when Kevin is watching a gangster pic and of course he's eating probably the biggest ice cream sundae I've ever seen, man I can never eat that many scoops. That film he watches is great, I honestly thought that was a real movie but no it's not. This is something as kids we always dreamed about which was to see Rated R films without restrictions.

I just love the exaggerated nature of the film as we see the lead gangster Johnny solve his dilemma with a Tommy Gun (yeah that does work every time in those pics) and he just says one of my favorite movie quotes that cracked me up, ""Keep the change you filthy animal."" But I really like Kevin's reaction to that film as he's closing his eyes despite the fact there is no gore or squib effects. But for a kid his age that would be considered graphically violent and not something he's totally used to seeing. And this joke with the gangster movie gets funnier as we see it used in two different scenes in two different ways.

And of course, there is the famous big battle near the end of the film which is in my book one of my favorite battles of all time. It's basically a home invasion battle which I think is cool because it's sort of like a strategy game battle, since the battle takes place on your own turf it makes you the general, giving you plenty of opportunities to tactically take out invaders whichever area they occupy. But of course, it's pretty much a slap stick/ physical comedy fest as we see the Wet Bandits constantly getting hurt by Kevin's traps and miraculously surviving, this was just hilarity at it's best, it made me laugh till it hurt.

I'll just say a couple of my favorites as I don't want to give too much away, from the first scene seeing Kevin use the BB gun on both robbers, it's just funny how Harry reacts to the pain and he is just saying a bunch of gibberish in frustration.

Another of course is the nail trap, it's funny because of just the delayed reaction as it pain doesn't even register until a little latter and I just laughed along the way.

However, despite all the fun of the film this film has heart as the revolving theme is about appreciating family. There is one scene I found sad when Kevin is looking at a family whom is home for the holiday's enjoying Christmas, he has a sad look on his face, which I'll admit put a tear in my eye. That scene shows what Kevin truly wanted which was simply to have Christmas with his family. Or even some bits with the family feeling guilt over the loss of Kevin from the mom evaluating her own parenting and a member or two not enjoying their time in Paris as they know in their hearts it's not a real vacation as their family is incomplete.

This just makes the pay off even sweeter, I'll just say both Kevin and the Macalister's get what they want for Christmas. No one is ever alone for the holidays as long as there are still people that love you.

Rating: 4 stars"
"Another amusing Christmas heist flick ripping off ""Die Hard"" (1988), as others have pointed out already--complete with family problems, a protagonist practically breaking the fourth wall by cracking jokes alone, and bleeding feet--""Home Alone"" is a lot funnier than I remembered it being. The cast is great. Joe Pesci and Daniel Stern mug it up. Catherine O'Hara is always good, even if her full comedic talents are underutilized here relative to her parts in Christopher Guest mockumentaries or the TV series ""Schitt's Creek."" Besides, her character is the only member of the family who really seems to care that they forgot a child across the Atlantic Ocean and then some. Roberts Blossom should talk more in this one, because his manner of lip smacking in between short phrases is ASMR triggering. John Candy on another holiday road trip--this time talking about abandoning his little one with a corpse at a funeral parlor. And, of course, Macaulay Culkin. Boy, that kid was famous--probably hasn't been a child movie star that big since and, besides Shirley Temple and Jackie Coogan, before.

Besides breaking fourth walls with the raise of eyebrows, his Kevin enjoys time to himself, eats and watches trash, sleds down staircases, cares about hygiene and keeps a tidy home when not destroying his brother's room or mutilating criminals, shows interest in his hobby of using stuff around the house for an elaborate home security system, and screams into the void every once in a while. I mean, he's got life figured out. Granted, he gets whiny about missing his family after only a couple days, but he's only eight years old, so I suppose that may be forgiven. It's just a fun film. The early hectic family scenes, including the rush to the airport, make this enjoyable from the start, and the film-within-the-film parodying ""Angels with Dirty Faces"" (1938) is a gas, as well. To top it off, they got John Williams to do the score."
"Home Alone was made by the last half-hour of that movie. Not that the rest of the movie wasn't good, it's just that the end was so spectacular. Till this day the most memorable parts of the movie are the traps Kevin (Macaulay Culkin) set for the thieves. They were ingenious, effective, hilarious, and timeless. My daughter laughed at the same things I laughed at 29 years ago."
"This film was definitely loved when it came out, and now it's seen as a Christmas classic. Do I agree with that? Well, yes, in different ways then others see it. I saw this recently after many years of not seeing it with a more critical mindset. It's a decent movie, but it's not great. You see, when I say it's a ""Christmas classic"" I don't mean it's a great movie. My reason for my usage of the term ""Christmas classic"" is because there aren't many great Christmas movies out there. Besides Elf, and Christmas Story, there aren't a lot of great Christmas movies.

It certainly is a good movie to watch around Christmas, but it does have its flaws and problems. Macaulay Culkin is pretty good in this movie, as well as Joe Pesci and Daniel Stern, but the rest of the actors aren't too good. The story has a lot of flaws. First of all, why doesn't Kevin go to a friends' house? Surely not everyone he knows has gone to Paris or something. He lives in a suburban neighbourhood in Chicago with a BUNCH of people, and he can't go to a friends' house? All these flaws I can kinda look past, but I can't pretend they're not there. This film is good, but not great."
"Kevin McCallister (Macaulay Culkin) is the youngest of a large family. They are preparing to go to Paris for Christmas. The power goes out overnight, and none of the clocks work. The family rushes to get on the plane and leave little Kevin behind. The Wet Bandits, Harry Lyme (Joe Pesci) and Marv Merchants (Daniel Stern), come to town to rob the McCallister home only to battle Kevin and his home made traps.

Director Chris Columbus and writer John Hughes team up to create one of the most iconic comedies of its era. It's in no small part due to the iconic scene of Macaulay Culkin slapping his face and Scream. Take it away, it's a rather crass juvenile kiddie movie. I'm not complaining, just explaining. Expect a lot of slapstick stupidity with the annoying Wet Bandits."
"Always mentioned in the Top 1 or 2 Christmas films of all time, Home Alone is not only hilarious and still highly rewatchable after thirty years, but it's easy to forget this film was carried effortlessly by then ten year old Macauley Culkin. Stern and Pesci are brilliant and O'Hara masterful as the polar opposite to Moira Schitt. Sensational 9/10."
"There's an argument for a few movies to be the best Christmas movie ever, but I genuinely believe this is a perfect movie for all ages at christmastime and, 33 years later, still has not been surpassed. It's a Wonderful Life is probably the only film that might surpass it, but I'm not aa big a fan of it as this.

Macauley Culkin is so good in this movie that it's hard to imagine anyone else who would have been able to play this role. How he plays off Pesci and Stern is fantastic and the level of slapstick is incredible.

That we also have Catherine O'Hara, a comic genius, who gets to share screen time with my favourite comic actor of all time, the affable, loveable and sorely missed John Candy, is a huge bonus.

That this isn't rated higher, or in the top 250 films of all time on IMDB, is a travesty. If you've never seen this film, which is something I can't believe is possible, you are in for an absolute treat and I guarantee you will come back to it over and over again."
"This has got to be one of the best Christmas movies ever made. The story is simple yet unique. The acting is not academy award worthy, but Macaulay Cullkin has just enough charisma to carry the film, and of course Joe Pesci is great. Then you add John Williams score, and the whole thing gets elevated to another level. It has aged a little, but it is still enjoyable to watch today. If you're looking for a movie to put you in the holiday spirit, look no further than Home Alone.

The sequel is pretty good too. A lot of rehashing, but it's still a good companion piece."
"Basically a live-action Wile E. Coyote / Roadrunner Christmas, with a few humanist subplots thrown in for good measure. John Hughes comedies have often struggled to indulge the author's wackier side without stumbling too far into the realm of slapstick, and Home Alone never really finds that balance. There's a lot of effective material here - the sweet old neighbor's redemption story; Kevin's first steps toward independence; his mother's frantic, airport-skipping quest to get home - but those deeper themes feel too scattered, obvious second (or third) fiddles to the more bombastic third-act fireworks.

The production also feels loose and cheap, rife with overdone performances, blunt direction and easy, convenient physical gags. Macaulay Culkin's acting in the lead is borderline unbearable, and the cache of gimmicks and booby traps that fuel his story often asks far too much of the audience. As I mentioned above, growth is a major part of his character arc, but right from the start, most of his word choices and the breadth of his worldly knowledge seems highly suspect for the pampered youngest son of a large, well-off suburban family. Joe Pesci and Daniel Stern pick up some slack as a duo of over-amplified burglar stereotypes, played with a wink and a nudge at just the right moments, and Catherine O'Hara shines in a rare straight role as the flustered mother an ocean away from her youngest child.

Straightforward and light for the majority of its run time, the film works best when it remembers to pluck the heartstrings with a few season-specific character moments and subplots. Still, it's all too detached from reality, with a strange habit of glorifying and celebrating its frequent scenes of grisly, wince-inducing violence."
"I had often heard people talking about this film, sometimes described as a bad one, sometimes described as a kind of must-see. So I watched it this year and am, actually, positively surprised or at least it wasn't as bad as I sometimes heard. Poor little Kevin is left alone at his home, his family have forgotten him on flight to Paris to celebrate Christmas. But while enjoying the being all alone, some shrewd burglars make his street unsafe...

Yes, it is sometimes chaotic and illogical and reminds, as some critics say, in cartoons that wouldn't work in a real film. Yet, Kevin acts like a creative and inventive boy to defend his family's house. It is funny and you should have seen it once."
"I just watched 'Home Alone' for the first time in years and I did not enjoy it as much as I thought I would. This was such a big film when it came out and was well received by most but now it just doesn't feel on that level to me. It seems just ok, nothing great. The plot can be plodding at times and there is a good deal of negativity mixed in between some nice moments such as the scene in the church. And seeing the burglars get hurt wasn't satisfying or funny to me now but just cringeworthy. Really there were few laughs the entire film. I'm not sure if this discrepancy in perception is due to my aging or the world changing, but there it is. I will give it a 6/10 and that may be somewhat generous."
"We watch this movie every year. It is funny, kind and caring. Just what you need for Christmas and New Year :)"
"I just watched ""Home Alone"" for the first time in years and I did not enjoy it as much as I thought I would. This was such a big film when it came out and was well received by most but now it just doesn't feel on that level to me. It seems just ok, nothing great. The plot can be plodding at times and there is a good deal of negativity mixed in between some nice moments such as the scene in the church. And seeing the burglars get hurt wasn't satisfying or funny to me now but just cringeworthy. Really there were few laughs the entire film. I'm not sure if this discrepancy in perception is due to my aging or the world changing, but there it is. I will give it a 6/10 and that may be somewhat generous."
"Everybody tries hard, but ""Home Alone"" doesn't work nearly as well as its popularity suggests. Macaulay Culkin became a household name starring as Kevin McCallister, a precocious eight-year-old accidentally left behind when his family heads out on a holiday vacation. If fending for himself weren't enough, Kevin must also contend with two bumbling burglars (Joe Pesci and Daniel Stern), who have targeted the family home.

I first saw ""Home Alone"" when I was 10 years old. I didn't find it at all funny then, and its genius still eludes me. The alleged ""humor"" that everyone seems to love stems mainly from a series of violent booby traps Kevin sets up to stop the bad guys. Among the deterrents the burglars so wittingly fall for is a red-hot doorknob. Looks painful, but hardly funny. The film tries to handle such physical abuse like an old Road Runner cartoon, but when the action involves real people instead of an animated coyote, something is lost.

Yet ""Home Alone"" isn't a total disaster. The performances are great and the story is at times quite charming, particularly the subplot involving the supposedly scary old neighborhood man. Interestingly, the sequel -- ""Home Alone 2: Lost in New York"" -- marked a notable improvement."
"""Home Alone"" is already a New Year's classic. I am writing a review a few hours before the New Year 2024, the time is more suitable than ever!

The film is a comedy, the action takes place, as it is clear, on Christmas Eve, the idea is quite original, the actors also did their job well.

I also want to say that I am not an ardent fan of this movie and do not watch it every New Year, but it is worth recognizing the cult significance and overall interest of the plot of ""Home Alone"".

I would recommend watching this movie at least once in a New Year's mood to feel the rush of the atmosphere. It's worth it!

My rating : 7.5/10."
Christmas isn't complete without watching this cartoon like adventure.
Home Alone(1990) is a mediocre movie with an uneasy amount of cartoonish violence. The problem with the film is the characters do things that most people would not normally do. Joe Pesci is wasted in this movie as he gives the only interesting performance of the entire movie. One sad thing about this movie is that this may be the only film that Macaulay Culkin will be known mainly for. Its a fine film for the holidays but not as an overall viewing experience.
"I do like this movie, even if it makes zero sense. It would take a very disturbed child to think all of these traps up, and two immortals to survive all the injuries they suffered. If you can ignore logic for a while though, it's a fine film."
Whenever I watch this movie I go back to my childhood :')
"Home Alone is a holiday classic from a simpler time. Back when cheesiness was normal and nauseating wholesomeness was all the rage, Home Alone excelled. The film's massive success is both obvious and perplexing because it is as safe as possible. Empty familial platitudes and buffoonish threats give the illusion of a journey without challenging audiences. It's warm, cozy, and topped off with cartoonish violence. What did Kevin and his family really learn? Will Kevin continue to be neglected? Did any character actually arc? Despite wanting to buy into the sentimentality, some viewers might find Home Alone hollow.

These feelings extend to the actual filmmaking of Home Alone as well. The cinematography throws in some shadows, POVs, and framing, but the visuals are mostly rudimentary. The same goes for the editing, production, and sound, all of which rarely enhance the experience. The effects are memorable but fairly simple, and the direction is cohesive but generic. Undoubtedly, the music is the greatest strength of Home Alone because it carries all the emotional weight that the film is selling. Ultimately, Home Alone is an adequate movie that broke through as an icon.

Writing: 6/10 Direction: 7/10 Cinematography: 7/10 Acting: 7/10 Editing: 7/10 Sound: 6/10 Score/Soundtrack: 9/10 Production Design: 6/10 Casting: 8/10 Effects: 7/10

Overall Score: 7.0/10."
"An eight year old boy is accidentally left at home by his family, his mission, to defend the family home, using only objects from the house to make traps and ingenious defence systems.

How on Earth do you even review a movie like Home Alone, all I can say, is that over Christmas 2023, I must have watched this movie three or four times, that says it all.

It's wonderful, truly wonderful, fun, entertaining, zany, which kid didn't contemplate the idea of being left home alone, to fend for themselves, it works on every single level.

It's not a film you can take too seriously, sometimes when you look back at films from the 80's and 90's, you can take them too literally, the basic idea of a family leaving an eight year old boy behind, well it just wouldn't happen, but who cares, it's entertainment.

You'll want to download 'Rockin around the Christmas tree' by Brenda Lee after watching it.

We will never get films like this one ever again.

10/10."
"I never understood the praise that was heaped on this movie. I love Joe Pesci, Catherine O'Hara, and John Candy as much as the next guy, and the traps are still fun and silly like a live action Looney Toons movie. But I certainly don't see why it's considered such a classic. It serves its purpose as a cute, fun Christmas romp and nothing more."
"If I had to pick a movie that was a smash that did absolutely nothing for me Home Alone would be at the top of the list. Oh, I'm not saying the movie was awful. But overated yes and after all these years, I still don't get the appeal.

I'm an adult but was fairly young when this came out-and I love all types of movies. This movie's premise bothered me, seeing a kid get terrorized by robbers,even in a comedic sense, was not my cup of tea and I spent most of the movie feeling sorry for the poor kid who got left behind and wishing the movie would end. Yes, Mcauley Culkin was cute-but aside from that, I don't think Home Alone rates more then a 5.5 maybe a 6. I have definetly seen better kid movies, family movies etc. It was hyped so much and so sickeningly sappy, the most I could say about it is that it's a ""cute"" little movie."
A masterpiece. I adore this movie and I adore this movie and I adore it and that's it.
"Home Alone (1990)

*** (out of 4)

Blockbuster dealing with eight-year-old Kevin McCallister (Macaulay Culkin) who after a fight with his family wishes that he never has to see them again. The next day Kevin wakes up with his family no where to be found. He believes that his hopes have been answered but soon he's having to deal with a couple burglars (Joe Pesci, Daniel Stern) who have their eyes on his house.

If you were around in 1990 then you will remember the tremendous success that HOME ALONE had with critics, fans and at the box office. To say the film was a landmark would be an understatement because the film was a huge hit and has gained plenty of fans over the years. After twenty-six years I think it's safe to say that the film is a new classic. While the film isn't perfect it's certainly a lot of fun and perfectly captures the manic spirit of Christmas time.

What makes the film work so well is that it's a perfect child fantasy. I'm sure many kids have wished that they were the boss, the keeper of the house and that the adults would just go away. This film works perfectly fulfilling that fantasy but of course there's the more touching moments thrown in for good measure. What makes the film a classic are the battles between the kid and the burglars. Culkin, Pesci and Stern would all become household names after this film and it's easy to see why.

Culkin is absolutely adorable as the brat kid who finds himself home alone and doing battle against his fears as well as the two bad guys. The violence in the film is in the same field as The Three Stooges and it works perfectly well. Not only does the violence work but it's perfectly sold by Pesci and Stern who are terrific and easily steal the film as Harry and Marv. The two of them have perfect chemistry together and they really make for a great comic team.

The supporting cast is very good with the likes of John Heard, Roberts Blossom, Catherine O'Hara and John Candy all doing fine work. Another major plus is the score from John Williams as well as an all-around great charm. The film contains some great laughs throughout and I think after all these years it's fair to call it a classic."
"This movie stretches credibility to its limits. Sure, it's a comedy, so it can get away with some stuff. A kid is more competent than everyone else in an upper-middle-class family and he gets stuck at home because the family doesn't count its kids right. Two dimwitted crooks set out to burglarize a house believing that the family is away for the holiday; the kid is there, and he is a menace.

The kid has an engineering talent freakishly developed for a ten-year-old kid and the sadistic cleverness that that he exposes in creating Rube Goldberg-like devices for tormenting a pair of burglars who fail to get the message that there really is someone there. I know that the garden variety of crooks are usually on the low side on intellectual development, but one time would be enough -- right? How many times do those crooks have to take falls, burns, and sharp objects into them before they learn?

It's somewhat fun -- if you can pass up the stupidity, the gaps in the plot, and the mean-spiritedness beneath a saccharine veneer."
"One Of The Great Movies Of The 90,s Very Funny And Story Driven. MaCauley Culkin Is Adorable Despite His Poor Acting Abilities R. I. P John Hughes And John Heard."
This film is a very funny story about a boy which was left in the house alone. This movie is for a family. I liked it so much!! Watched it 10 or more times but everytime it is interesting. Watch it on christmas time!!!
"A picked-on 8 year old kid (a surprisingly competent performance from Macaulay Culkin before he grew up to be a bigger kid!) is left home-alone by a family taking a Christmas vacation to Paris. Expecting a quiet few days on his own he has to contend with a couple of inept burglars with his own inventive traps & bouts of violence.

A very simple film with a sugary & predictable message at the end. But inspite of the thread-bare plot it is a very enjoyable romp, perhaps because of the rather inventive but uncomplicated writing from John Hughes.

The film only really comes alive during the battle of wits between Culkin & the two robbers (well supported by Pesci & Stern) while the rest of the film just trundles along at a rather predictable pace.

I saw this film back in 91 and found it quite funny (still do in fact). But at that time I hadn't really had much chance to see other Pesci movies of the time.

But now, some 10 years on everytime I see Pesci screaming in agony as he suffers more comic violence from the inventive little brat I keep thinking he's going to go into Goodfellas or Casino mode and pull out a gun along with a hail of abusive language and shoot the kid full of bullets, or put his head in a vice.

But anyway, Home Alone is a good family movie that doesn't stretch the mind and never really offends anyone although perhaps the Tom & Jerry style violence is perhaps a little too strong in places. Its a nicely packaged movie and I have to admit Culkin is very very good here. Best not mention the two limp sequels.

***/*****"
"I saw and loved HOME ALONE as a kid, particularly enjoying all the 'home invasion' traps that Kevin McCallister set up for the bad guys. Watching it nowadays, I'm surprised to see that this sequence only takes up the last quarter of the movie; before then there's a surprisingly complex storyline with some good sub-plots to keep it moving nicely along.

That this also turns out to be a classic film which has lost none of its warmth and magic is the biggest surprise. Yes, Macaulay Culkin is more than a little annoying when you watch him as an adult - in fact, I remember him being annoying when I watched him as a kid - but you can forgive him because he's endearing nonetheless. Of the supporting cast, the ones who particularly shine are Joe Pesci (channelling some of that GOODFELLAS energy), Daniel Stern, and Roberts Blossom (DERANGED).

The film was written by John Hughes, so the expected sentimentality is here, but somehow it never becomes too cloying - you can live with it, because there's plenty of good stuff elsewhere. That home invasion stuff is still superbly directed, surprisingly violent, and very funny, and there's so much ingenuity packed into the running time that this is a film impossible to dislike. In fact, I still love it."
"The music, the booby traps, the dysfunctional family memories during Christmas..

This movie will make you laugh so hard you'll be rolling in the aisles!

Perfect for viewing with the entire family.

Be nice to your loved ones!"
"When I saw this as a kid, man!! Did I love this movie. I'm 29 now, and even while trying to suspend my disbelief that comes with age I couldn't do it. I really couldn't enjoy this movie at all.

Young me would be disappointed. But what is the egg to the chicken?"
"This an absurd storyline. Hollywood loves to show movies in which kids are smarter than adults, for some reason. Also, we are expected to believe a big family can go all the way to the airport and then fly to France before finding out one of their kids was left at home??! I don't think so. I know a lot of big families and this would never-in-a-million years happen.

However, it's just a movie, and it isn't real and you can't take any of it seriously. Thus, the idea is to go along with the wild premise and enjoy the antics that follow....and there are plenty of those!

A share of the credit for the big success of this film should go to God, who made Maccaulay Culkin's face. Without it, I doubt this would have been anywhere near the hit is was, but Culkin's ""cuteness"" helps makes you root for him and his facial expressions provide a lot of laughs. He turned out to be a fine child actor.

The two guys (Joe Pesci and Daniel Stern) that play incompetent crooks are funny and some of the humor is clever, although slapstick ""rules"" in this film.

There are some really nice messages in here, such as ""families suck,"" says the kid. Oh, well, some think this film did, too. I am not a big fan of it, but I did enjoy it along with most other people. I thought the sequel was better, though."
"This movie type you just have to watch every year on Christmas, its a very cozy and feel good movie, its always nice to watch it with your family, get some hot chocolate, and some hot fudge brownies. The plot is very smooth and you just enjoy it throughout, nobody could of played Kevin like Maculay Kulkin. This movie is very fun, funny and a well rounded movie."
"First off, I would like to say that John Hughes has fallen in ability since Planes, Trains, and Automobiles. This movie is a shining example of that. My sister saw it when it was first released in 1990 and told me that ""it sucked"", she was in third grade. I didn't see it until last week and can almost agree with that, but not totally. As far as so-called 'Holiday movies' go, Die Hard and Gremlins will remain my pop culture mainstay.

Home Alone racks up plot holes faster than the Wet Bandits fall down. They are so dumb that they make the Three Stooges look like the Untouchables. To think that Joe Pesci belittles himself into a role like this is beyond my belief. Being outsmarted by an eight-year-old is not the best thing to include on his film resume. The film would have ended a good 30 minutes earlier if Kevin had acted like a normal kid and don't the smart thing instead of being a defensive snot.

Chris Columbus has always had a fascination with kiddie comedies and this is not his best effort. Thankfully he is not so much in the pursuit of money (as with Harry Potter) as he is with the pursuit of political correctness. It's not surprising that the script it Hughes' work, there are so many of his little touches throughout.

If I can say one good thing about this movie, it's the music. John Williams KNOWS how to write music and this movie is a perfect example. The film certainly has a nice Christmas ring that contrasts with the ever cloudy skies.

Overall, there are good movies for the holidays and good movies for kids. This one might fit their bill, but everyone else will find it to be a watch-checker after a while. 2 out of 5 stars."
"'Home Alone' is about a young boy,Kevin McCallister, who gets left behind in his house accidentally. When his family realizes this, it is already too late, seeing as they already took the plane and are thousands of miles away from home. But despite that, they still try all that they can do to get home and contact Kevin. Meanwhile, back in Kevin's neighborhood, there has been reports of ongoing robberies. Kevin, with his many tricks and fast wit, does his best to protect his home from the burglars.

The movie is a bit unrealistic, but the again, there wouldn't be any movies if nothing out-of-the-ordinary ever happened. To enjoy this movie, it is best if viewers don't over-think about what happened and just sit back and take in Kevin's crazy antics.

I admit that I began getting bored when it was the climax of the film. I felt like the humor was very cheap and it wasn't at all engaging. I did however like the message and the heartwarming feeling that I felt during the ending.

For me, this was a mediocre film. I'm sure I would have liked this film more if I had company. This film may have many people saying it's very hilarious, but I found that I only really laughed about twice. Maybe if I had company, I would have appreciated this film more. I'll keep that in mind when December 2011 comes around.

Viewed on: April 5, 2011"
Well watching this movie can't stop laughting one of the best commedy ever made :D
"How could this film get only a 6.5?

Yes, it's a kid's movie, but I know plenty of adults(not including myself) who loved this film. It touches our hearts, and tickles our funny bones. Not to mention I think in one way or another we could relate to it. That's why it remains a classic Christmas comedy.

Home Alone is not only one of the highest box office successes of all time, but it deserves more praise. Mac showed a talent that very little child stars have now-a-days. He brought in a great comedy about a boy who accidentally is left home alone when his family goes on vacation and takes on two burglars.

Yeah, it's quit unrealistic about the burglars, but honestly, this is a terrific family film. Joe Pesci and Daniel Stern are the perfect comedy duo of two idiots who can't rob the place because a 8 year old child has out witted them and set some clever and very funny traps around the house."
"I must confess: I really like ""Home Alone"". It's part of popular culture for good reason. I'm not going to try and defend Culkin's acting, except to say that worse child performances than his have been considered charming (as in the somewhat overrated ""A Christmas Story""). This movie is charming, memorable, indeed touching, and perfectly paced so that the hilariously extreme violence that is its trademark (a really fresh perspective on slapstick, in my opinion) starts late and builds to an actual climax. By contrast, most of the movies in this genre drag on and on with no real development and little cohesion, and could end at almost any arbitrary moment, i.e. ""Baby Geniuses"", ""Mouse Hunt"", ""Look Who's Talking Too"". (Why did I ever watch those, anyway?) Anyway, very well made, good supporting performances, shouldn't be dissed."
"Never gets old. The music, the cast, the atmosphere. One of the best films to watch for the holidays"
"The plot is fairly simple but provides a great foundation for an adventure full of laughs. Macaulay Culkin shines as brightly as it gets and is the main reason for the movie's success, while the duo of Joe Pesci and Daniel Stern add the right amount of goofiness and showcase incredible chemistry. Excellent score by John Williams as well.

However, specifics don't matter that much. The major achievement of this movie is that it perfectly captures the Christmas spirit, it's hard to imagine Christmas without Home Alone, watching it has become sort of a family tradition for me - and I know I'm not the only one. It's quite possibly the only movie I've watched so many times, yet it never gets old."
"First off, wouldn't the family have realized they still hadn't given out an airplane ticket to someone, wouldn't that mean something to them right there in the beginning? This movie is centered all around the pathetic Christmas miracle theory.

I have to ask when they realize that the kid has been left home alone by himself, why don't the parents just call the house, a friend neighbor, or even the police to go pick him up? They could even give the cops instructions to use a door-ram on an outside door to get in to the house and secure the kid. When the kid realizes that he has been left home alone, he could go straight to a friend neighbor, call local police, or even call 911.

I also love the scenarios the kid supposedly comes up with by himself; first with the gangster movie scene to scare off the pizza delivery, I would hope if the delivery person had actually believed the scenario, that it would be immediately reported to the cops.

Then the whole scenario when he realizes the two criminals are going to be trying to rob the house, he comes up with a plan to take them out in a couple hours, the plan nearly kills the criminals and almost burns down the house. After all of this is finished, the kid finally calls the police. If he knew this from the beginning he would have never logically done anything but first call a reliable emergency number.

Once the criminals are taken out, he's still home alone and quickly cleans up the stuff that took the criminals out? Then his mom arrives, along with his whole family arriving shortly after. The family is suddenly all together again, was this a Christmas miracle?

I will admit, the movie is fun before you're even a teenager, but when you look at it later on, you'll realize it's nothing but a pathetic joke. Logically, it nearly tells kids to do things dangerously while teaching them not to use things that are truly secure like the emergency system."
"This film is filled with excitement, danger and overall family-friendly fun! The acting and scripting is brilliant as well as the setting."
"The first time I saw this film was when I was a child and it pleased me a lot because I only saw its comic side. I saw it recently and it disappointed me although the story is original: during Christmas holidays, the McCallister family decided to celebrate Christmas at Paris, unfortunately they forgot one of their children. First of all, Kevin is elated but he realizes that two thieves want to burgle his house. In order to get rid of them, he puts in several traps; the thieves are under arrested and Kevin finds again his family. If I had to choose one adjective to judge this film, it would be the term: conventional. Several sides of the film are showing it. For example, Kevin's family seem to ignore and despise him and consequently he feels rejected and outraged and ,at the end, his family and especially his mother discovers how much she loves him, moreover, they say that Kevin's neighbour is a killer and he's got a wicked reputation but Kevin finds out that he's not a murderer and he had an unhappy life. Not only is the film conventional but the screenplay is sometimes predictable : when Kevin finds out that is ""home alone"" he wants to have fun as much as he can, and finer feelings are often put forward . Nevertheless, Daniel Stern and Joe Pesci, the two thieves are very entertaining and the sequence where they have to endure Kevin's traps is very funny. At last, I think that this film was especially made for children and young teenagers and it was useless to make it follow by two poor sequels."
"Worth a revisit to introduce younger generations, but it won't appease you for quality. It's full of logical plot holes, so leaving your brain at the door is a must. The film is a no brainer younger audience and the family will enjoy the gentle family beats. This was a one film deal that was franchised for no reason other than profit. This was the first and only worthwhile entry. Funny and heartwarming family film, with giant story issues."
What's not to like about this film. It's a Christmas classic that my children also love. I can watch this every year and it still makes me laugh and takes me back to my childhood. Enjoy.
"And not to be taken too seriously, given the number of times the little boy goes out of the front door yet miraculously always gets back in without the need of A KEY! just one of the hiccups if you look closely. Roberts Blossom is the elderly, and as it turns out, friendly neighbour who have a lovely little ""turn""! The last quarter features the real fun when the criminals eventually decide to get into the house and the 8 year old is ready for them....cue - lots of fun and laughs, which given our current UK lockdown, this will ease some of the difficulties for a short while. Enjoyable!"
"The premise of the movie, the storyline & the traps are amazing 😊. You can watch this in Christmas or another time of the year.. 🕰 📅. Awesome acting. Always a 10/10."
"""Home Alone"" was a big hit in the theaters during the 1990 holiday season, and it remains a good comedy to watch over Christmas. But, unlike some other less silly Christmas time films, this is not a movie that stays funny with repeated viewings. After two or three years of holiday watching the film is worth an occasional smile, but it loses much of the fun and laughter the first time that grownups watch it. And, strangely, three decades after this movie appeared when kids got a kick out of it, many youths into the 21st century don't find it nearly as funny.

One wonders if all the arcade machines and online and digital video games haven't deluged and numbed the senses of many young people. So much so, that plain antics and slapstick no longer seem funny to them.

Anyway, with all the antics, mishaps, traps, and shenanigans that Macaulay Culkin's Kevin pulls off against the burglars who break into his home, this is a funny and fun film to watch. Play or watch it with kids and adults who haven't seen it before, but don't make it an annual viewing around the holidays."
"I watch Home Alone every year around Christmas. I don't have words to explain how fascinating this movie is. Just created my account on IMDB to leave this comment.

Highly recommended."
Silly acting but a great classic that I love watching during the Christmas break
