Commentaires
Best movie ever. Heath ledger's work is phenomenal no words......
"This movie is a work of art. The finest sequel ever made. I don't think we will see another movie like this for a long time. Heath Ledger's Joker is the best movie charachter I have ever seen by far. Avengers Endgame is great, but The Dark Knight is much better. The best Batman ever! The best Joker ever! The best DC movie ever! The best superhero movie ever! Ando for me, the best movie ever!"
"It is just what you want for the best movie. Great story great acting, thrilling twist. Just watched Joker in 2019, I just has to come back and give dark knight a 10. And thanks to Heath Ledger for the exceptional performs."
"Confidently directed, dark, brooding, and packed with impressive action sequences and a complex story, The Dark Knight includes a career-defining turn from Heath Ledger as well as other Oscar worthy performances, TDK remains not only the best Batman movie, but comic book movie ever created."
"We've been subjected to enormous amounts of hype and marketing for the Dark Knight. We've seen Joker scavenger hunts and one of the largest viral campaigns in advertising history and it culminates with the actual release of the movie.

Everything that's been said is pretty much spot on. This is the first time I can remember where a summer blockbuster film far surpasses the hype.

For as much action as there is in this movie, it's the acting that makes it a great piece of work. Between all the punches, explosions and stunt-work is some great dialog work. All the actors have their moments.

Bale's Batman is the definitive Batman because we see everything in this character finally on film. Martial arts skills, cunning, great tactical thinking, forensic application, technological genius to advance or improve Luscious Fox's inventions/technological breakthroughs, intimidating personality, and even a little swashbuckling.

As for Heath, yes he gets credit for his performance as the Joker. But you have to also recognize Jonathan and Chris Nolan for the writing and treatment of the character. It's not just the fact that Ledger makes the Joker so menacing, but the Nolans have given the character this great manifesto that drives its actions. The Joker's stance on chaos, order, anarchy, the morality of the average modern human being make the character so interesting psychologically. The Nolans drafted a complex character and only a perfect performance could've pulled something like this off. That's how difficult of a role this was, and that's why Ledger's performance is so great.

This isn't an action movie. It's a film that explores literary themes of the hero and villain, as well as order and anarchy. Yes, listen to the dialog because it's all in there."
"I couldn't believe ""The Dark knight"" could live up to the hype. That's perhaps the biggest surprise. The secret, I believe, is a stunning, mature, intelligent script. That makes it the best superhero movie ever made. As if that wasn't enough, Heath Ledger. He, the newest of the tragic modern icons present us with a preview of something we'll never see. A fearless, extraordinary actor capable to fill up with humanity even the most grotesque of villains. His performance is a master class. Fortunately, Christian Bale's Batman is almost a supporting character. Bale is good but there is something around his mouth that stops him from being great. ""The Dark Knight"" is visually stunning, powerful and moving. What else could anyone want."
"Dark, yes, complex, ambitious. Christopher Nolan and his co-writer Jonathan Nolan deserve a standing ovation. I don't usually go for loud movies filled with mindless gore and violence. ""The Dark Knight"" is certainly loud and violent but it's not mindless. It has depth and soul. Even the Joker, in an extraordinary creation by Heath Ledger, is deeply human. The natural petulance of Christian Bale makes his ego and alter ego the most fascinating and complex of all film superheroes. Part of the genius of this movie is that Batman himself, in screen time, is not really the lead. My attention was captivated by Heath Ledger and he determines and inspires the breathtaking atmosphere that envelopes Gotham as well as us. The aplomb of Christopher Nolan as a director is mind blowing and his secret, I believe, is his obvious respect for his audience. What he's done is to elevate a popular genre into Shakesperean proportions. Bravo!"
"Im just gonna start off by saying I LOVE this movie.Its one of my favorites of all time. I honestly cant think of too much wrong with this movie other than its a little long and Batmans by now infamous voice. But everything else is top notch. The acting,story,atmosphere,and actions scenes are all amazing. If you haven't seen this movie see it right now! I went into this not expecting to much but I came out blown away, I cant imagine any movie being much better. I'll just have to wait for The Dark Knight Rises to release to see if anything can be better. Until then, this stands as the best movie I've ever seen"
"I had the pleasure to watch this movie in an IMAX theatre in London (it advertises itself, with the slogan ""Biggest screen in the UK""), which was one of the greatest movie experiences I had in my life. And it was my first movie in an IMAX theatre. I can only recommend it for anyone who has the chance to watch it, even if not the entire movie is shot for an IMAX theatre, this still is able to blow someone away! Great visuals combined with a great story and superb acting.

The movie could also have been called ""The Joker"", but even with Heath Ledgers great performance, this still is a Batman movie. And ""The Dark Knight"" is clear enough, even without the Batman in the title. I simply loved the movie, but I heard some complaints from some friends. It seems that some might have a problem with the depiction of the characters (I loved Heath Ledger, but there are a few out there who would have wanted to see him even crazier) or the plot threads (especially what is done with the character of Aaron Eckhart). Although I can see why that might be a problem for fans of the comic books, I still stand by my vote. This is the best Batman movie ever (until hopefully Nolan and Bale make the next one)!"
"If someone else acted as Joker, I would give the movie 7-8 stars. The majority of people ended up loving the villain more than the hero, and that rarely happends in movies.

Rest in peace Heath Ledger."
"Christopher Nolan's second bundle of joy ""The Dark Knight"" EXCEEDED all of my expectations!!! With the success of 2005's reboot of the Batman franchise, they took what was already established and expanded it, amped it up, and gave a deeper, darker and brooding story that is more gripping and the suspense is likely to catch you of guard several times throughout. Christian Bale delves more deeper into Batman, sworn to fight evil and injustice, though also quite reluctant and uncertain if his crusade can ever end and cleanse his inner turmoil from his fractured soul due to the murder of his beloved parents. But with the help of his trusted butler/ally Alfred (played superbly by Michael Cane) grounds him, gives him moral support, and keeps him in check. But the real star of the show is Heath Ledger as Batman's most deadly enemy, The Joker. I can HONESTLY tell you that: as good as Jack Nicholson was in Batman'89 he is CHILD'S PLAY compared to this Joker. He is sadistic, psychotic, and downright SCARIER and PSYCHOLOGICALLY disturbing than the previous incarnation of The Clown Prince of Crime and Ledger gives it his all to do him justice. Along with the original cast comes some fresh faces such as Aaron Eckhart, Maggie Gyllenhaal and more. I must say though I liked Katie Holmes, Gyllenhaal gives a much better performance and is a far cry from the ""damsel-in-distress"" stereotype (though there's a little of it, THANKFULLY) that's common in films. Bale and Gyllenhall have MUCH better chemistry this time around more so than Holmes. Even better, the fight sequences are vastly improved and feature more brutal and bone crushing combat than ""Begins"" in addition to new technology at Batman's disposal. Also worth mentioning is screenwriter Jonathan Nolan, who gives the film an added frosting to an already delicious cake. Simply put, The Dark Knight is totally more bad ass than ""Begins."" The action is great, and the plot is more deeper and engrossing. I applaud Christopher Nolan, Christian Bale, and especially Heath Ledger (who sadly passed away earlier this year) and all those aboard for believing in Mr. Nolan's talents for this second installment. Although some may feel a bit of melancholy over Ledger's death, but as a final note I will say this sincerely from my heart: Remember Heath Ledger and honor him in your minds and hearts not only for his performances, but as a human being and father to his daughter Matilda Ledger. May we issue him best wishes for his family and friends and his daughter for years to come. Remember . . . Honor him not only for this role and past roles, but as an incredible individual and talented actor. Rest in peace. Heath Ledger: 4/4/1979-1/22/2008."
"I saw the dark knight about three years ago when I was in the 8th grade. And I was blown away at how beautifully done it was, the camera work, the acting, the story, it all took me by surprise. It is to this day one of the best movies I have ever seen or will see. No other movie can impact you in such an intense way than The Dark Knight. It is a movie worth seeing due to the fact that the workers put so much time and effort into this one film and they did not want to waste money putting up garbage. So Christopher Nolan, thank you for not wasting our time, instead earning our time with this film. To this day I still am anxious to see the movie at home. I recommend it to anyone who likes action movies in general. To anyone who doesn't, don't waste your time write bad reviews about this film."
"I used to leave a theatre after seeing a highly anticipated movie, specifically a sequel, and be so revved up about what I saw that I would declare that movie to be the best of a series. After each of the prequel ""Star Wars"" films, I rated that one the best, as good as any of the originals...for a time, until my opinion balanced out and I had a more well-rounded take. For that reason, I steer away from that mindset, and did for ""Dark Knight"".

Though my opinion is solidifying already after having seen a Warner Bros. screening last night, ""Dark Knight"" ably stands on its own with or without ""Batman Begins"". At a two and a half hour runtime, it's definitely an epic of a movie, but one that never runs out of gas. A delightful addition to this experience was a healthy amount of IMAX footage, which significantly adds to the feel of being on a personal, and gruesome, tour of Gotham City.

Christian Bale plays such a well rounded Batman and Bruce Wayne, qualities that none of those who have donned the cowl before him have pulled off. I still have to remember that Bale is British since he speaks with such a spot on American accent. Bale has a particular slurring lisp that serves him quite well, charmingly for Bruce Wayne and threateningly for Batman.

Countering him is the late Heath Ledger, who plays such a scary and creepy Joker that I found it impossible to NOT have chills half the time I saw him on screen. What really separates this brand of Joker from Jack Nicholson's portrayal is true unpredictability. It's obvious that, to be a good guy and think like the Joker, it really takes a toll, and it sure isn't easy. How exactly does one take him down when he's woven his harebrained plot around multiple hostages, explosives, or disappearing parlor tricks?

Initially, I was uneasy about how the character of Harvey Dent would be handled. In my mind, there was really only one faithful portrayal of him, and that could be found in the ""Batman"" animated series of the early 90s. As well as Tommy Lee Jones COULD have handled him in ""Batman Forever"", he certainly did not, though it still was a highlight of that movie. Aaron Eckhart ably assumes the mantle here, delivering a performance out of this world, easily on par with the Batman animated series.

Be it known, this caped avenger stands for the good of Gotham City that the police force and its counterparts can't represent, the good that has no jurisdiction, no procedures...and no rules, save for one. I can only hope that we've seen just the prelude to the Dark Knight's upcoming legendary battles with the worst of Gotham City's dark underside.

""The Dark Knight"" gets a solid 10 of 10 stars."
"*level of enjoyment* #10 top tier - from start to finish The Dark Knight has you on the edge of your seat, enjoying every minute

*likelihood to recommend* #10 highest recommendation - if you haven't seen it, watch it, it is a masterpiece, the downside? likely to put all future Batman features to shame

*quality of acting* #9 excellent - Bale is the gold standard Batman, gruff, tough, aloof, positively fueled by the tragedies of his dark past. Ledger is the nightmare villain, twisted, evil, unapologetic, irrational, completely void of a moral compass

*quality of writing* #10 perfection - one of those movies you wish you could have a memory edit in order to watch again and again

*quality of intangibles* #8 excellent - visual is on point, dark gloomy Gotham, perfect setting for a hero to operate and succeed from the shadows very good - music and sound puts viewers in the mood and anticipating the next intense scene"
"Christopeher Nolan is a talented director. With batman begins,he created such a fantastic atmosphere that he brought batman character back in game. With the dark knight, he made not only a great second sequel, but also one of the best movies of the past 10 years. He mixed action, heroism, feeling, literature, colors so well that you feel kind of high when the movie ends. There is no doubt about it.

But i see some people who don't mind to compare this movie with some old masterpieces and say the dark knight is the best movie so far.Haha, this is completely unacceptable.

Let me clear this: If a movie can bring freshness to creativity, If a movie happens to change your insights, If a movie starts a new genre, gives away new techniques and styles, If a movie makes you understand your heart better; then I call that movie a masterpiece. As far as I see, The Dark Knight is far from it.

But I still feel like I have to congratulate Christopher Nolan for making such a good film. Thanks..."
"I had the honor of watching TDK during a screening and was completely blown away! This isn't just the best Batman movie ever made, this is one of the best movie ever made. Everything in this film is excellent, not one piece of annoyance.

Bale marvels as Bruce Wayne/Batman, Ledger has made The Joker in to an iconic movie villain. His performance belongs there at the top with Hopkins Lecter. The Joker has finally been portrait properly on film, he has earned his place between the big boys in movie villandom. This is the true Joker every Batman fan knows, loves and fears. Ledger deserves any and every movie award known to man for this brilliant display.

Nolan has made his ""I will always be remembered"" movie, this is the crownjewel in his portfolio. Perfect directing, perfect story, perfect balance between action and drama, everything is perfect.

Even if you hate Batman, you will love this film. If you don't, then something beez wrongz with youz!"
"Well here it is, one of the most anticipated movies of the year so far. How was it? It was excellent. By far the best Batman film ever made and of course it will be one of the most memorable action films for a long while.

Everyone was waiting to see how well Heath Ledger performed as The Joker in this film. He definitely deserves an Oscar in his honor. The character was so dark and creepy that it sent chills up my back. Compared to Heath's other films like '10 Things I Hate About You' and even 'Brokeback Mountain' proves that this man could actually act, doesn't matter what character, he could do it.

The film's storyline has many twists and all are rewarding, the story is developed constantly after each scene, making you wonder what's next. Excellent craft and flows well towards the conclusion.

During the film on the scene with Batman against the Joker, Bike vs Truck. People thought this was the ending. No, it kept going which was awesome, the story kept getting darker and darker, I guess that's why they called it the 'Dark' Knight as well as the relation to Batman himself.

The cast was great. With Christopher Nolan playing Batman, good performance, Heath Ledger played extremely well, Maggie was annoying at times, but still deserves to be praised. Michael Caine and Morgan Freeman had minor roles which satisfied the audiences. Aaron Eckhart starts with a minor role which slowly progresses and becomes evil which is quite surprising and entertaining to watch.

Great directing made the movie enjoyable, they added more action this time which made the film feel powerful, lighting was done well especially showing Harvey/ Two Face's face in the many moods he displayed.

Great explosions made it entertaining. Made you feel great that this is finally the best action to come in a long time.

This movie deserves a 10/10 rating and credit on behalf of the great young actor Heath Ledger's life. (May he R.I.P) His performance made what this film is right now.

I recommend this film for any action fan, especially a Batman fan. Or if your even a Heath Ledger fan. Go ahead right now and see this film. It's great!"
The dark knight is the best movie I have ever seen in my life
"This is the best superhero movie ever made!!!! If you like to watch superhero movies then you should definitely watch this.

However, I must say that this movie is much more than just a superhero movie. If you don't like superhero movie but want to watch a good drama/action movie then this is one of the best."
"The actors, the script, the scenery make it one of the best movies I have ever seen. The best-played character of the joker is amazing. That's how I imagined him. In the film, he is portrayed as an ultra-intelligent person with a psychopathic ""brain"". Honestly, I was very surprised that someone known for their niche productions would play such a good role as one of the most important characters in the Batman series. Unfortunately, we will probably never see the joker so well again, because Heath Ledger, from unknown circumstances, died. This is sad news. However, back to the movie. The main character, Batman, played by Christian Bale, also shows the character very well. Therefore, my rating for this movie is 10/10."
"I will say up front that I have never seen a movie based on a comic book that I really liked, except the animated ones, or the quasi-animated, like _Sin City_. You would think the graphic novel and film would have a lot in common, but in the end they're trading in different kinds of images.

This is basically just another Batman movie. Same silly premise, that a super-rich hero battles --- over the shrinking remnants of Gotham city --- villains with seemingly unlimited resources in personnel and explosives.

I will agree that Heath Ledger's performance is amazing. Can this be the same guy who played the gay cowboy in that other movie? It is a real pity that he died. I can't help but thinking that if he were still alive, and we were wondering what he would do next with his great talent, this movie would not have an average rating of 9.0 (as of this writing).

There are a lot of other fine actors (Morgan Freeman and Michael Caine, for crying out loud) who are basically wasted pretending to take their characters seriously.

I did like the heist sequence at the beginning, including the Joker's first few lines and the bit with the bus. Really very droll; gets your hopes up. But, from then on, it's just a lot of people being blown up while the survivors emote angst --- dark, brooding, comic-book angst."
"What can I say, it was made by Christopher Nolan so it has to be good. Amazing action. Amazing characters. Amazing director. And amazing cinematography. The Dark Knight has everything. And like everyone said, Heath Ledger had a performance of a lifetime. This movie is just absolutely great.

Overall rating: 9.4."
"I thought I was getting a clever comic book movie. Instead, I got a profound, chilling introspection on good vs evil with allegorical references to God vs Satan, good vs evil, and social-political and true life realities that made me cry as the credits rolled at just the powerful, brilliant fil experience it was.

I was enthralled and mesmerized with what the director and writers were doing to something that was only supposed to be a Batman movie. I've now seen it at least 10 times, and I still get the same feeling. This is big budget, blockbuster filmmaking at its absolute best for the ages, a top 10 movie of all-time."
"Batman takes on the crime lords with the help of Lieutenant Jim Gordon and District Attorney Harvey Dent. However an even bigger evil rises to terrorize Gotham.

Maggie Gyllenhaal is an improvement over Katie Holmes as Rachel Dawes. Aaron Eckhart adds a good performance as Harvey Dent. In the end, this is Heath Ledger's movie. He overpowers everybody. His early death may have immortalized him, but my opinion isn't inflated. His presence is electric. It helps that his character is so ridiculously crazy. His motivation has nothing to do with power or money which is so mundane. He wants chaos and that is so much more fascinating. Heath Ledger makes this movie great. And it surpasses the series reboot 'Batman Begins'."
There are few movies where you just feel privileged because you get to watch them and are honoured to. This is one of them.
"This film is not the masterpiece that IMDb seems to assign it as. No doubt it's good, especially the tension and the performance of Heath Ledger, but I never saw it as amazing. It's far too long and there are plot holes large enough to drive the school bus through."
Amazing film. Closest thing we will ever get to a perfect superhero movie.
"Fantastic, that is the only word i can use to describe how well this movie was made. This movie has everything from dark humor, action to the most dark and horrifying scenes, it is an amazing movie and i have to give credit to the amazing actor Heath Ledger, he did an amazing job in this movie and absolutely nailed the joker, he is definitely the best joker i've ever seen he did it so on point it's fantastic. Overall i think this movie is definitely Oscar worthy and it's without a doubt the best batman movie ever made!!!"
"I first need to point out that I generally hate action films--they just aren't a genre I generally would go to see. However, my teenage daughter saw the film and DEMANDED that we immediately go to an IMAX-equipped theater and see it as soon as possible. Had I not agreed, I think she would have threatened force or threaten to leave home, so I reluctantly agreed. I'm pointing all this out up front so you'll understand that if I didn't give this movie a 10 and found a few minor problems with the plot, it's probably because of my bias. However, for me to give an action film a 9 is very, very unusual--it was a terrific film and almost earns a 10.

As far as action goes, it was nearly non-stop and there were more eye-popping stunts in it than nearly any film you could see. Plus, I truly recommend that if you do have an IMAX theater nearby that is showing it you go there and not to a regular theater. The sounds, the sights and the action are just amazing on this huge screen--and in hindsight I probably should have taken my hearing aids out before the film began--I DIDN'T need them! For many, this will make the film a must-see, though I admit that it was was a bit tiring after a while--for an old fogy like myself, maybe there was a bit too much action--though teens and action fans will adore it.

The characters were excellent--with the possible exception of Batman. He was fine, but I wish he'd have stopped mumbling in his deep voice. This made him a lot less interesting and perhaps less likable than the villains!! As for the villains, the Joker was great and very, very sadistic and I liked Harvey Dent as well (especially after his cool makeup job late in the film). Oddly, perhaps my favorite character was a guy who was only a bit character--Tommy 'Tiny' Lister who played one of the scariest prisoners I have ever seen in film. His bit part on the ferry boat was really exceptional.

Overall, this film is better than any superhero film I have ever seen and much better than the earlier Batman films. My only serious problem was the ending--what Gordon and Batman agree to do made no sense at all and wasn't necessary. Still, with such amazing eye-candy, who am I to complain? A wonderful ride and a must-see movie for action and superhero fans. HOWEVER, it is a very violent film intended for adults--I would not take kids or even some teens to the film--it's THAT dark and intense.

As of today (7/26/08), this is by far the highest rated film on IMDb. If these numbers can be believed, this film is better than THE GODFATHER, CASABLANCA, GONE WITH THE WIND and 12 ANGRY MEN! Let's have a bit of perspective here--it's a very, very good film but the cult members out there need to get a grip."
"There's a villain, full of colour, takes to the stage, a double crossing trickster seeks to enrage, a Mafioso kind of broker, it's the one and only Joker, hands of torment, turmoil, torture's what he'll rage. A triumvirate of Gotham forms a cordon, The Batman, Harvey Dent, Lieutenant Gordon, but they're seduced by the performance, limited by laws conformance, the playmaker relishing, all the destruction. It's not too long before their weaknesses are found, as hostages are taken to compound, ultimatums are presented, prominent profiles are demented, and our hero runs for cover, goes underground."
"Phenomenal. From start to finish this film is a masterpiece. It is quite possible the best all round film ever.

Action, amazing Drama, incredible Realism, believably brilliant Fantasy, works perfectly

This is a film that all should see. Performance from Christian Bale is spot on yet still over shadowed by the amazing Heath Ledger. His joker is undoubtedly the best.

The fact Christian's performance is superb and still you remember the joker, shows what a practically perfect performance they both gave. Ability to share the screen without scene stealing and just enhancing each others performances shows how great they both are.

Add in outstanding direction and the cherry is on the top. Must watch."
"This Is probably the second best sequel of all time, second only to the return of the king. I've seen this movie twice in cinema this year, that's just how good it is. I could name very few flaws in this movie. This movie has some of the best preformances of all time. Heath ledgers preformance is nothing short of phenomenal and arguably the best preformance we've ever been given in a superhero film. However I believe Aaron eckhart plays his role as two-face to perfection which is severely overshadowed by Heath ledgers. Definitely one of those movies you can watch numerous times. Christopher nolan is a brilliant director 10/10."
"Lets begin by stating that this movie should only be watched in IMAX. If you are a big Batman fanatic, spend a couple extra dollars and you'll get your money's worth.

This is the best movie of 2008, no other film will come close.

Christopher Nolan has made his masterpiece, with the help of his brother Jonathan creating the script. The perfect balance between superhero action and drama can be found here in The Dark Knight.

The acting is top-notch. Not a single actor in this movie comes up short. Christian Bale portrays Batman better than he did in its predecessor. Aaron Eckhart impresses with his take of Harvey Dent. Maggie does a fantastic job playing the role of Rachel Dawes. Heath Ledger is Oscar worthy in his attempt at the infamous Batman rival, The Joker. Ledger's performance is just absolutely stunning. No words can describe how much he attracts the viewer and shines on the big screen.

There is no reason why anyone should say this movie was bad. Those who gave this movie a poor rating should be ashamed of themselves for their lack of intelligence. Yes I said. LACK OF INTELLIGENGE! Even if your not a Batman fanatic, this film has a meaning and purpose. It will give you excitement and also something to ponder about for the rest of the day, night, morning, etc.

No spoilers but its lengthy running time of 152 minutes beats the hell out of any other superhero comic book adaptation previously made and for years to come. Ledger's stunning acting portrayal of the Joker is good enough for you to spend the money. Do not wait for it to come out on DVD, WATCH IT IN IMAX!"
"Today, its ranking is #1 out of top 250 movies of all times. That is absurd. This movie is great - but by no means best movie ever. It is not a movie that revolutionizes movies as we see them. It is hard for me to imagine why someone would think this movie is better than breakthroughs like The godfather, Pulp fiction, Matrix, etc. I loved the movie - but nothing in the movie was revolutionary. The story line was not extra-ordinary. The gadgets were great but we have seen better. (sweet tires on the bat mobile + bike). Acting was great. By all means worthwhile of watching - but I am actually very disappointed to see it at #1 movie of all times"
"In my opinion, this movie a bit over-hyped and a bit over-rated actually. Is this movie better than 12 Angry Men or Schindler's List or The Return Of The King? Absoulutely not. Amazing acting and amazing cinematography and a very good screenplay but not good as the movies that I counted. This is a Nolan movie this can't be bad for real, this is very good actually. But I'm saying it is just not good as Godfather Part II. It's common Comic movies are over-rated sometimes but this is over-rated more with death of Heath Ledger. I think it could be highest rated super-hero movie, I'm truly okey with it, I'm just saying this should be on Top 30~ not in Top 5."
"There is just one thing that differentiates a legend from ordinary man. It's his fight with inner demons to over come all his fear. That defines a legend. And this is what Batman stands for. Batman is not just another comic character but it's a complete saga of how you stand tall in spite of losing everything, walk fearlessly even when you are lonely and how you fight back against all odds and over shadow your own fear. Fear- the most dominated emotion, mankind has ever witnessed. Batman is no exception, he still has fear, he still gets scared of losing those who are close to him and he is still in doubts when it comes to decision. But what is interesting and inspirational about Batman is that he has the ability to use wisely the biggest and most dangerous weapons of all time perfectly- BRAIN! That's why he is my favourite comic character and this time, Batman is putting everything on the line to save the world from out of control freak- the Joker.

A spell bounded performance by Heath Ledger as the Joker. Though, he is no more with us but his immortal act as joker is an Oscar winning performance and will always be remembered. Your heart comes out to mouth to see the horror Joker creates. In start, I was bit confused as his performance reminded me of Jack Nicholson from the first Batman movie but later, I realised that this is for real. He did not imitate Jack but showcased the true and horrible side of a real joker. The best part about Heath is that he displayed the flip side of a joker- FEARLESS. There are many times when we feel that some one could have done better with certain roles but not here. Here, Heath is perfect as a joker and from now on, I will call him Heath 'Joker' Ledger!

The story is about a terror that has shaken the underworld of Gotham. The fear of Batman is getting in to criminal minds and all of them are now thinking where their money can be saved from Batman's reach. And that's where the Joker comes with a plan to these criminals- kill Batman. Now with his perverted mind, the Joker is behind Batman's life and what follows is a scary hell of a ride of hide n seek game of faith vs. courage. At one end, Joker has no fear and on the other, Batman has a responsibility of saving Gotham. Now the important question is that who will win and more than that at what cost?

Apart from breaking box office records, this movie is also able to break the pattern of film making. Batman series is an action series. When you make an action movie you give the required pace in a movie by focusing on elaborating the action scenes but here, the director builds the movie with a mix of action as well as other emotional scenes. Step by step movie gives its audience action and emotion at the time when it's required but with an unexpected style. Dark, intense and a complete Batman style.

The Batman movies are famous for its back ground music and The Dark Knight is no exception. Specially, when there is sound of a whistle in background of some intense scenes in the movie. I felt a rush in to my blood and boiling my brain. My eyes popped out while watching those scenes. To mention, Batman's grilling session with the Joker is a masterpiece. The scene was simply awesome mainly coz of background music.

Harvey Dent's character could have been better post he becomes 2-faced. I was expecting his character to be more involved and longer in the series. Rachel Dawes is also a very strong influencing character in the movie. Her involvement in the movie is much focused than Katie Holmes in Batman Begins but the point I'm making here is the glam factor in this movie. She was not given that much footage in a glamorous way. Nevertheless, the plot did not allow audience to think that way either. Action scenes in this movie are well thought of and will chill the audiences' spinal chords. My favourite is the chase scene where Joker is trying best to catch Harvey Dent and how Batman comes in between. This is where Batman says 'asta la vista' and welcomes his new girl friend- his damn new bike! It's called Batpod! I can imagine how excited you will be when you know that Batman is now going to catch the Joker and Joker is happy that Batman has missed his shot. This is sheer delight to watch the creative involvement of special effects blended with brilliant cinematography.

Unlike other Hollywood flicks, The Dark Knight is a lengthy movie of more than 2 ½ hrs of non-stop adrenaline but you won't mind spending that much time watching it. Many times we feel that some movies could've been shorter and some lengthier but with 'The Dark Knight' that's not the case. It's mainly because the movie ends up at the time when it is required to scroll the curtains down. I was so satisfied while coming out from the movie hall. Perfect ending!

Well, The Dark Knight is just a beginning. Now I'm expecting the Penguin and the Riddler to come in to the picture and take this battle ahead.

As I said earlier, I'm a big fan of Batman and after this movie, I'm mad about not just Batman, but each and every part of his movies, music and, The Joker!. Now, while I'm rushing straight to the nearest movie store to buy all original movies and soundtracks of Batman series, you go ahead and enjoy a fearless life just like the Joker or Batman- choice is yours!"
"I was never much for Batman movies but Christian Bale was by far the BEST Batman EVER ,paired with Heath Ledger and the dynamic was incredible, I believe that Heath Ledger was the BEST 'Joker, and his portrayal of the Joker in the movie of the same name was sheer brilliance. The best coupling by far, in fact when I used to have my grandson over we watched Batman 'The dark night' repeatedly. Loved this movie."
"Heath ledger was the main thing here, perfect fit for joker, absolute crazy, yet so tricky . Best acting so far and deserved those oscar !"
"Perfect, greatest movie.. the plot, action, storyline everything is best , best"
"I can watch this movie an infinite number of times. It never gets old. From the perfect action scenes, epic score and iconic performances, this movie has it all. I think the performances in this movie are so underrated. Ledger's performance as joker is one of the best in cinema history. Not to mention Bale's perfect batman, Oldman's Gordon, and Caine's Alfred. I could write pages about the perfection of each scene in this movie. Every time I watch it it is like the first time, and I can not think of a better compliment."
"11 years after Gotham City was rocked by Heath Ledger's Joker, The Dark Knight is still holding the title as the greatest superhero movie ever made.

This movie will forever be the film every future Batman movie will be measured against. The Dark Knight is my idea of the perfect movie completing various character arcs and requiring no build up. One did not need to watch Batman Begins to understand The Dark Knight, despite these movies being in a series. The Avengers films require the previous Marvel MCU films to be seen prior to the superheroes fighting Loki, Ultron, and Thanos.

Reviews for The Dark Knight continue to be written, and lengthy analysis videos posted on YouTube. This movie is still the greatest film of all time."
"Heath Ledger as the Joker is brilliant, and anytime he's on the screen this action film seems elevated. It also gets the nihilistic insanity of the character right, as Alfred (Michael Caine) so correctly puts it, ""Some men just want to watch the world burn."" I was less of a fan of Christian Bale's performance as Batman, with his toneless, gruff voice, and if I'm honest, even the concept of the Dark Knight, with Batman sans Robin viewed as an evil vigilante by the citizens of Gotham. I also thought the film tried to pack too much in, with the love interest/triangle (Maggie Gyllenhaal), rise of Two Face (Aaron Eckhart), and extraneous characters (e.g. Morgan Freeman). It could have also used a breather in between all the action scenes, though some of the elements, like that batpod with the extra fat tires, were pretty cool. It goes on way too long at 152 minutes, and if it had been pared down and more focused on the Joker's sadistic psychological cruelty, could have been a masterpiece. All in all it's a good, entertaining film, but not worthy of the extraordinary high praise and ratings it's received."
"Incredibly beatiful.

Christian Bale, Heath Ledger, Gary Oldman, Michael Caine, Morgan Freeman, Aaron Eckhart, Maggie Gyllenhaal, Eric Roberts and Cillian Murphy. Amazing cast! Thanks to writers Jonathan Nolan and Cristopher Nolan for screenplay and Cristopher Nolan and David S. Goyer for story and Bob Kane for characters. Thanks to director Cristopher Nolan."
"When Batman Begins was released in the year 2005, I watched it and wondered seeing the ending scene where the joker was revealed to be the villain in the next installment of the series, that well how Christopher Nolan is gonna incorporate the funny, playful and completely insane character of the Joker in to his dark and serious version of Batman..

So when I went to watch this movie, I was ready to see the Heath Ledger's Joker cracking some jokes, blowing up lots of places, killing tons of people, going way beyond insane and of course laughing a lot.. But the joker I saw was rather just the opposite. He did blow up buildings, he did kill people, he did go insane and laugh, but he did all of this with a motive and a touch of control and calmness to it..

Its been a while since I have seen a movie where the villain shines more than the hero and in this movie Heath Ledger's Joker completely stole the show. Everything he does seems reasonable and the things that he says feels honest and true. The movie grips you throughout its 152min runtime. Christopher Nolan nailed it and showed how comic book characters can be taken out of their colorful world, put in a dark and serious movie and make it work..

Other actors also played their part well, Christian Bale was good as Batman/Bruce Wayne, Aaron Eckhart was brilliant as Harvey Dent, Gary Oldman, Maggie Gyllenhaal, Michael Caine and Morgan Freeman played their roles beautifully.

This movie is one of my favorite movies of all time, For those of you who haven't watched it yet, I recommend you watch it as soon as possible because this kind of gems come rarely.."
"Christopher Nolan's ""The Dark Knight"" isn't just a superhero movie; it's a cinematic achievement that elevates the genre to new heights. This film, released in 2008, remains a touchstone for what comic book adaptations can aspire to be, blending intense crime drama with the high-flying antics of Gotham's caped crusader.

The narrative dives deep into the psychological battle between Batman (Christian Bale) and his arch-nemesis, The Joker (Heath Ledger). The plot is intricately woven, focusing on themes of chaos versus order, good versus evil, and the impact of one's choices. While the story follows Batman's fight against crime, it's the moral complexities and the descent of Harvey Dent (Aaron Eckhart) into Two-Face that provide the film with its profound depth.

Heath Ledger's portrayal of The Joker is nothing short of iconic. His performance is a haunting blend of menace and madness, earning him a posthumous Oscar and setting a benchmark for villain roles in cinema. Christian Bale's Batman is both vulnerable and formidable, grappling with the consequences of his crusade. Aaron Eckhart delivers a nuanced performance as Harvey Dent, whose fall from grace is both tragic and compelling.

Nolan's direction is masterful. He crafts each scene with precision, from the chaotic bank heist opening to the intense interrogation sequence. His use of IMAX cameras for certain scenes adds an epic quality to the film, making it visually stunning and immersive. The film's pacing is relentless yet allows for character development and thematic exploration.

Wally Pfister's cinematography captures the dark, gritty essence of Gotham, while Hans Zimmer and James Newton Howard's score amplifies the tension and emotional stakes of each scene. The music, especially the Joker's theme, lingers with you long after the movie ends.

While ""The Dark Knight"" is nearly perfect, it's not without flaws. Some might argue that Bale's Batman voice can be distracting, and the CGI for Two-Face's scars feels slightly off compared to the film's otherwise grounded approach.

Over a decade later, ""The Dark Knight"" still stands tall as one of the best films in its genre. It has influenced countless movies that followed, proving that superhero films can be taken seriously as art. It's a film where every element - from acting to direction, from screenplay to score - harmonizes to create something truly memorable.

If you're looking for a superhero movie that is more than just action and special effects, ""The Dark Knight"" is essential viewing. It's a film that challenges, entertains, and leaves you pondering long after the credits roll. It's not just a superhero movie; it's a landmark in modern cinema. Highly recommended for both fans of the genre and those who appreciate a well-crafted story."
"The phenomenal The Dark Knight reigns as the greatest superhero film of all time. From its exhilarating first frame to it's bittersweet last, among the great strengths of The Dark Knight is the way it combines hardboiled naturalism with the kind of stunts, mysterious and pulsating almost from start to finish and the most thematically sophisticated, most philosophically profound, most narratively complex, unsettling reflection on the increasingly blurry boundaries between good and evil. Nolan's constantly keeps us off-balance and fills us with breathless anticipation for the next stunning turn-of-events so What you finally receive from The Dark Knight, then, isn't a message but a sensation, which comes from the deliberately twisted form, you learn how it feels to be in a vortex that just keeps sucking you down. To talk of Heath Ledger's performance is difficult, merely because, as gigantic as it is, it is only one important feature of an intricately wrought canvas. It's not just the best Batman film ever. It's not just the best superhero movie ever. It's more than a money-spinner, a franchise, a comic-book cash-in. The Dark Knight is a stunning piece of work that deserves every word of praise spoken about it."
"Flat out one of the best movies I've ever watched. Had plot, action, acting, and was all put together perfectly. Christian Bale was amazing and of course Heath had one of the best acting performances of all time. Christopher Nolan is such a gifted director able to make this movie one of the best oat! A must watch!"
"From the very beginning this movie has your attention grabbed and doesn't let go until the final credits begin to roll. One of my favorite films. Even if you are not a fan of Batman or superhero movies in general, this is a movie unlike any superhero movie. With varying levels of depth, emotion, suspense, action, and amazing special effects this film stands above the rest within and without of its genre. Christopher Nolan's cinematic genius takes hold in this second installment of his Batman series. Christian Bale performs a compelling and adrenaline-pumping Batman fights opposite Heath Ledger's chilling take on The Joker. The Dark Knight hails as one of the greatest Batman films to ever grace the silver screen."
"What is going on with all of these maximum ratings for a barely average film? According to IMDb, this is the best film of the decade so far. Not one sane person could argue that this is justified. Have the studios finally managed to get the masses to 'believe the hype'? I was a bit skeptical about this film, due to the hype, and especially because I wasn't impressed with Batman Begins, but I must admit, the heist in the first five minutes was excellent, and I thought my skepticism was unwarranted. But then Batman turned up and began speaking like a wrestler with throat cancer, and it continued to go down hill from there. What I didn't expect this film to be was tedious. But it was. It was far too long and bored my pants off me. There was no character development, the story was convoluted and over-complex and it was far too long. But my my main problem, and this goes against nearly every reviewer here, even those who weren't impressed, I thought Heath Ledger was absolutely awful! Who are these people calling for a posthumous Oscar? There is nothing I despise more than a 'look at me' performance. Ledger did all the tricks required to portray a 'crazy guy', including shifting his eyes up, down, left and right at every opportunity, and ingeniously, due to having his mouth cut as a child, he keeps licking around the inside of his mouth, which rather than being an impressive feat of method acting is actually as irritating as watching a fat man eat chips with his mouth open. His performance was utterly self-indulgent and it seems like all you sycophants fell for it. The only decent acting performance in this film is Eckhart. Caine and Morgan bore, and Bale, with his 'employ me for movie trailers' voice barely has one dimension. I would have rated this film higher if it hadn't taken itself so seriously, but as it stands it is a pretentious hyped-up and tedious movie. At last, the dark truth."
"The true way Batman was meant to be told; I think Joaquin Phoenix was a great joker, but Heath ledgers performance is unmatched and truly frightening to watch."
"A new force threatens Gotham City, and The Face of The Joker is always smiling.

It is almost as is Christopher Nolan cherry picked all of the best elements from The Batman backlog, I include the previous movie, The Burton years, Adam West era etc, and forged together something quite incredible, making not just The best Batman movie of all time, but arguably one of the greatest movies of all time.

Two and a half magical hours, this film excels in every conceivable field, it is wonderfully dark, atmospheric and moody, but in equal measures it is exciting, action packed and dynamic.

The story couldn't be better, it's so good, it'll appeal to those that don't even enjoy superhero movies, it really is that good. Packed with incredible action scenes, it's visually awesome.

Christian Bale is once again fabulous, this Batman is a little petulant, a little impatient, but wonderfully intense. What every hero needs though, is a villain, and what takes this film up another level, is Heath Ledger, who's remarkable performance is nothing short of astonishing.

An incredible supporting cast once again, Caine and Freeman once again show why they're Hollywood royalty.

Superior to pretty much everything else.

10/10."
"Its one od the best movies of decade,centuries and millenium! Its drama,Action,unexpected thrill that is everywhere and heath ledgers joker is unforgetable. I know you're saying that it cannot be the best and all of this stuff but WHY SO SERIOUS?"
