Commentaires
"The worlds of superhero movies and superhero comics are not as similar as they seem on the surface. Currently, film studios are all about the ""extended universe"", seeing how many different titles and characters they can shove into one franchise (Avengers, X-Men, Justice League), making for an easy way to squeeze a few extra bucks out of their lesser known properties. Comics have this as well, of course. However, they also have something modern movies haven't really tapped into yet: story one-offs, a chance for a storyteller to create a unique tale and not be constrained by the implications on or from the larger universe. Spider-Verse gets to do just that, while playfully taking on the fun (if convoluted) absurdity of extended superhero universes. Listen, I hear you. ""How could we possibly need another Spider-Man movie?"" Spider-Verse understands that question and has a take on it. Yes, Peter Parker is here. In fact, there are two Peter Parkers. There's also a Spider-Woman, a Noir Spider-Man, an anime Spider-Girl/Robot, and a Spider-Pig. At the center though is Miles Morales, an Afro-Hispanic Brooklyn teen who must help these other Spider-People get back to their own planes of existence. He fights with his cop dad, he adores his shady uncle, hates being simply the smartest kid in the room, and just wants to do something that matters. Being Spider-Man wasn't his idea, but hey, when a radioactive spider gives you powers, what choice do you have? Look, I don't have any sort of hot take on this movie. It looks great, the humor pops with surprises, the voice casting is beyond perfect. It's simply a stylishly exciting and refreshingly unique take on the superhero genre, and sometimes that's more than enough."
"Amazing movie. Great animation, the best Spider-Man movie in my opinion"
"A movie worthy of Stan Lee's approval. Incredible animation, great story, great message. This film lives up to the hype and honestly surpassed my expectations. The only reason I think there are some negative reviews is because you can never please everyone. However, for the vast majority of viewers, I believe you'll find this film to be great. Highly recommend seeing it in theaters just for the amazing animation style."
"There's hardly anything I would improve about this film. The visuals, concepts, soundtrack, characters, pace, humor and animation are all some of the best I've ever seen in any film; I was worried the hype would ruin it for me, as it always does, but not even the group of kids in the theater who wouldn't stop loudly talking could ruin it for me. It is visually engaging and beautiful in every scene, not to mention with an incredibly unique art style, and is honestly something other animated movies should have to look up to for a long time. The only real issue I can think of is the flashing lights, which really alienates any epileptic audience, but even then it's done so in a beautiful and artful way."
"Updated review 4-9-19

I've now watched this movie 10 times since getting it on digital and then Blu-ray and can safely say this is a rare, near perfect movie. This is of course my opinion and I understand why this movie isn't for everyone. Let's break down a few of the reasons why for each of these points.

If we had a list of everything that can be done to make a near perfect movie, this movie checks every box. The visuals have been talked about endlessly. It won an Oscar for them. We know they're great.

The story is great, giving us a new Spider-Man with his own skills and personality that he brings to the table. The script is tight and the production is executed with laser precision.

The voice acting is nothing short of top notch. This is easily the second best thing about this movie right behind the glorious visuals.

Shamiek Moore has quickly grown on me over the ten times I've watched this movie. His range is as good as any veteran actor and he injects so much life into Miles Morales. He IS Miles Morales.

Chris Pine did not phone in the short amount of lines he had whatsoever. Just superb casting because he and Jake Johnson sound pretty similar. And oh boy, Jake Johnson.

I never understood why JJ had gotten so wildly popular over the last several years. With this movie I finally understand. I get it. It clicked. From the moment he pops up in this movie around the 20 minute mark till the end, Jake turns in one of the voice acting performances perhaps of all time. He succeeds in bringing a past his prime Peter Parker to life and runs the gamut of dramatic, sincere, intense, but above all FUNNY. Every single comedic line never fails to make me laugh out loud. Many of the gags pop into my head while I'm working or doing something else and I'll chuckle and repeat the line to myself.

I've always enjoyed Hailee Steinfeld and she shines in this movie along with all the supporting cast.

The greatest thing about this movie also happens to be its weakness. For me, the visuals are second to none. Another review title summed it up perfectly. ""The most visually stunning movie I've ever seen"". Absolutely agree. And while it takes a little time - usually 10-15 minutes - for your eyes to adjust to the frame rate, some people apparently can not adjust to this. I can imagine how poor that viewing experience would be, too bad really. Another thing is since they didn't use actual motion blur, but instead chose to animate blur-like artifacts and tricks to make it seem like blur, or having images doubled and overlapped for a ghosting effect, it confuses some people into thinking they're seeing the 2 images of the 3D version without the glasses. And lastly, the sheer intensity of some of the rapid action sequences combined with visual aesthetic pushed just beyond the breaking point and then dialed ever so slightly back by the direction team, it's just simply too much for some people. I get that.

As far as continuity/plot holes and things of that nature, I think the movie could actually stand to be about 15-20 minutes longer. There really aren't many issues though so maybe this is just me being greedy for more visuals.

Original review: Sure, we can dissect and critique and praise using any number of words we choose, but in the end to actually appreciate truly great art, it simply must be experienced in the medium in which it was created. For this movie, it was lovingly crafted in 3D, and so in my opinion can only be fully realized by the viewer in 3D.

What is a comic book movie, and what makes it great? From the original Superman where we first saw a comic book hero fly, to Burton's dark and stylized Batman, to the graphic novel style Sin City, live action ensemble X-MEN, Spider-Man, Iron-Man, The Dark Knight, the entire MCU....all of these are comic book movies, and depending on your personal definition probably range from good to great. And they're all live action with varying degrees of special effects, and some with animation. If you had to pick ones that 'feel the most like a comic book', you'd probably pick Sin City for the overall look, and the phase 3 MCU films for a combination of visuals and capturing the tone and spirit of the comic book story arcs.

But they aren't literally animated comics. The closest to that would probably be the animated movies, right? Like Mask of the Phantasm or any number of the Marvel animated movies. But again those are really 'just cartoons', and I don't mean that in a bad way. They're simply cartoon versions of comic books.

Spider-Man: Into The Spider-Verse is quite literally an animated comic book, and yet it is so much more at the same time. It's an explosion of comic book ink and paper, a dizzying palette of superbly rich colors, a jaw dropping display of digital artistry melded with living, breathing characters we care about, a story that is perfectly derived from the very medium in which it is being created and yet not for one single moment ever feels forced or hollow, a soundtrack fused with an endless exploration of a massive city, staggeringly sized scientific chambers, gigantic forests, and neon-electric-digital-dreamscapes of action set pieces that whir and click and come to life exactly as they do in the minds of children reading them on paper.

This movie is breathtakingly good in every aspect. Like-I'm-questioning-my-sanity-is-it-really-as-good-as-I-think-it-is!?!? Yes. Yes yes yes.

Remember the old Sega game Comix Zone? And how it was like ""oh wow! It's a comic book come to life!""? This is like that, with modern technology, cranked up a thousand times.

But here's the most important part - *it was all done in the right way, by the right people, at the right time*. It feels like this project was greenlit and handed to the very people who created comic books themselves with a ""here ya go, you have full creative control. Oh and by the way you have an unlimited budget! And resources! Have as much fun making a great movie as you possibly can!""

My first job was working in a movie theater. I took full advantage of being able to see free movies. I've built a decent surround sound system with all the creature comforts and have a growing library of movies. From the re-release of the original Star Wars trilogy, to each of the prequels and to the ongoing trilogy today, T-2, Titanic, the original X-Men, Avatar, The Dark Knight, Avengers, Avengers: Infinity War and so many more...I've gone to many, many big movie theater events for the experience. And I can safely say hands down that Spider-Man: Into the Spider-Verse in 3D is the best moviegoing experience I have ever had. It's that great."
Visually stunning. Great storyline. Great cast. Amazing soundtrack. Tear jerking cameo. Pop culture post credit scene of the decade. Thank you Marvel and Sony for making a Spidey movie everyone can love.
"Have you ever sat through a film and you knew that films would never be the same going forward? For example, Terminator 2, Star Wars.. the first Toy Story... Iron Man

Well this is one of those. This is a almost rather perfect film. Let me just say the the stylished animation is just top notch. It as if the comic book leaped off the pages. I've seen practically all super hero films to include the DC animated ones. This feels as if they took comic books and Playstation animation and just came up with this perfect look.

And the story is great.. the pacing is so wonderful. It is able to tell the story.. and an origin without boring us to tears like Zack Snyder has done in the DC universe. The story is quiet touching. And it allows us to have a pretty interesting Spider Man in Miles WITHOUT thrashing or having a Peter Parker like experience.

Plus our the villains are so well done..

But I think we will see a lot more of this type of animation in the future from Sony. I think they announced their presence with authority.. like how Dreamworks did with Shrek.. and how Pixar did.

It's been awhile I seen something so unexpected and so cool."
"This movie was absolutely incredible. From the animation, to the storytelling, to the characters this movie is completely one of a kind. It is easily the best looking animated movie of the year (no surprise there), but what really caught me off guard was the story they were able to tell in such a short amount of time. Each character has their own distinct personality and is given their own separate characterization without making the movie feel bloated. I knew I would end up liking this movie, but this movie has completely exceeded my expectations. If you enjoy superheros or animation you should 100% definitely watch it in a theater."
"A coming of age movie for the whole animation genre, which stays true to its medium while nicely embracing the comics medium.

A really moving movie with an ambitious approach, that surprised me at how much spiderman is instilled in my psyche...even as much as Superman is.

The movie simply embraced how the character is a cultural phenomenon, and stopped treating it as merchandise."
"I really enjoyed the animation, the art and the music. This movie has a real comics feel to it. However, it is far from being the masterpiece everyone is talking about. The storyline is predictable and kinda childish. Nothing new or exciting around the many unnecessary characters, story doesn't make lots of sense. Like many Marvel recent films, overhyped."
"The visuals, while extremely ADHD are beautiful and help mask the usual uncanny valley physics that plague CGI heavy movies. That said, what is actually happening in some scenes is pretty vague, generally it's too busy.

The story telling is competent, when the writing isn't tripping over itself with overly concious lines, or progressive character tropes. At least unlike most such movies, the messaging doesn't entirely overtake the plot, and there is actual character development.

And even with those progressive tropes, there is some messaging around courage, and tenacity, typical of heroic movies that are often absent in the more wish forfillment progressive typical story telling.

Although for a hero origin movie, there is very little trace of self sacrifice, which is it's essential nature. Still, whilst it is somewhat hamfisted message fiction, they manage to wrap it into a plot that makes the film servicable and tucks the messaging into places where a less observant eye might miss it.

In general, it's safe to say this is pitched at kids. Which makes me not the target audience. It's neither good, nor bad, whilst the comic book graphic style in itself is worthy of some praise."
"So many have commented, so I will be brief. From an intriguing plot to wonderful characterizations using drop dead animation, this film works. About ten minutes into it it thought, ""This is just a kind of hip hop version of Spiderman."" But the main character is suddenly thrust into a world which he must learn quickly to manage. The canon takes a turn here toward incredible creativity. I avoid mainstream animation, but this has restored my faith."
"Heads-up: I'm only going to be talking about Peter Parker in this review. I'll make a separate one for the film laterm I just feel like he deserves his own review. That's how great Peter is in this film.

Into The Spider-verse reminds us why we love Spiderman so much, and does so in an original and humane way.

I used to love Spiderman as a kid. I got obssessed with the cartoons he starred in as well as the original movie trilogy, one that actually helped me get interested in the character and marvel as a whole. But my love for this character, as most things, dissolved and it never got around to build itself up again, even after constant remakes and wonderful performances. I never felt that spark again, that love I felt for this charming dude was gone, dead.

Then Into The Spider-verse came, and my whole world turned upside down. I felt a fire inside my stomach. There it was, that long-forgotten love for Peter Parker, one that I thought I would never experience again, expanding continuously as the movie progressed, hitting me in all the right places.

I'd even dare to say that this movie made me understand the reason as to why spider-man is universally loved:

He's an everyday guy with super powers, that's it. He's flawed but pure at heart. He's relatable. He belongs to the people. He's one of us.

This movie's fresh take on Peter Parker is exactly what we needed to fully grasp that, how compelling this character can be without using any of his super powers. This version of Peter Parker is fat, subtly depressed, and tired, yet he's the most charming and lovable version of this character yet. It's something we haven't seen in quite a while, the genuine humanity that makes Peter Parker such a charismatic character, and one can only be thankful for it.

Spider-man is cool again, but in a totally different, and perhaps even better, way. Just your everyday dude taking a leap of faith, giving the audience who relates to his struggles courage to do the same. This is what Spiderman can be and what he should be. A character that's ours, a character that teaches you that anyone can be a hero, that's the real Spiderman. This is the true Homecoming. Spiderman is freaking back! Welcome home!"
"I hardly post reviews but, I Just watched Spider-Man Into the Spider-Verse and OMG that is by far in my opinion the best Spider-Man movie ever!!! The story was so well written, the characters were awesome, the music was actually awesome, and OMG the art style they chose for this movie was so amazing and it was like watching a living comic book!!! Also, you know how sometimes superheros usually just come off as superheros and not like actual people well they actually showed emotion and development and oml just see it I geeked out enough 😂 Edit: if the creators somehow see this post You created something brilliant with this film, And you made Stan and Steve proud. Good Job, Spider-Verse team. Excelsior!!!"
"I had high expectations for this movie and it didn't fail to meet them, this film has great animation, great humour, emotion, and heart. It has pretty much everything people would want for an animated movie."
"There was a lot of hype about this film, which surprised me because when I first glanced at the trailer I just dismissed what I saw as a direct-to-TV film. The hype gave me pause but at the same time made me wait so that it had time to settle into reality. Coming to it outside of the hype and awards, I was open to what to expect, and was pleasantly surprised. What pleased me was how creative it was in several areas of production. In terms of narrative it took the risk to be silly with its alternative Spider-Men, but was able to balance that with an engaging and reasonably serious core narrative. It managed to be funny, fun, engaging, and enjoyable all the way through.

Animation wise it mixed many styles and approaches very well. Even when it felt OTT with the visuals, it still somehow worked and I didn't feel beaten down or tired as sometimes can happen with visual overload. The overall design of the film added to this, with good use of music, shot framing, and animation to make it feel very cool and fluid throughout. Production-wise, it felt like it ""got"" the sense of humour of the script and made that work more than it otherwise would have done. Voice performances also seem to get this, and everyone plays their characters well.

Overall, it is creative, funny, engaging, and exciting for those that get into it and accept it on its own terms."
"The movie is visually spectacular (with the exceptions of a handful of blurry scenes filled with blues and reds, maybe for 3D purposes?). The colours and character designs are gorgeous. The dynamics of the action and the camera work is superb. All of this is ""all time great"" level.

But... The story is ultra basic, therefore quite boring for about 45 impossibly predictable minutes. The jokes, while clever for a movie for kids, just didn't make me laugh. Not even one time. I'm not sure why. Also, the story lacks all kinds of depths. It's literally no sense, but I don't think is the focus of the movie, because...

What really works is the theme of the film. Everybody can ""wear the mask"". And they proved it by showing it, not depending on melodramatic and cliched monologues, but with the story itself, that included different versions of totally different people ""wearing the masks"".

The emotional bits also work well and kind of justify the boring preparation for it, developing Miles Morales origin story and his family and problems really well. Simple, but well done. For last, the villains and its plans are just almost pointless and beyond under developed. There was probably no enough time to give them better and more coherent plans. A good movie, visually superior with a well done and coherent message that actually works in the story (sometimes these superhero movies contradict themselves and they are about the ""problem with violence""... by using violence to solve the problem. No here. Spiderman is not white, black, female, old or young. It can be anybody. And they are good)."
"This movie was honestly much, MUCH better than I expected it to be. Even all the trailers combined do not do it justice. It's thrilling, emotional, and hilarious. Its really a masterpiece in my eyes. One of my favorite movies of the year!"
You're out of your dome saying this is the 55th best movie of all time.
This movie is definitely overrated. And over hyped. I liked Miles and his father and his uncle and that part of the story. I didn't like all the extra superheroes. The story itself was lacking. Whatever this movie was it was not Spiderman. Did not do it for me.If everybody can be the superhero the nobody is really the hero. We don't have 10 Batman's 12 Supermans.
"Going into this I had high hopes but, was afraid It might not be as good as the hype says But, damn... This movie is underhyped. I loved every second of it. The animation was gorgeous, the characters were so fun and the soundtrack, flawless. The twists, you never see coming and don't even get me started on how beautiful the end fight scene was. This film is the best animated film of 2018 and in my opinion, the best film of 2018 definitely worth seeing!"
"Okay first of all, WHAT SONY? A good animated film?! A GREAT animated film?! Don't has reedemed themselves in my book and have created the DEFINITIVE Spider-Man movie in the process."
"What would you do if you could be a superhero? What if you have no choice? From the very beginning, Spider-Man: Into the Spicer-Verse is very energetic and captures your attention. This animated film has impressive visuals. The music creates a fantastic rhythm. And you just want to watch more.

The story follows a high school student named Miles Morales, who just changed school. He goes into an abandoned subway station with his uncle Erin and gets bitten by a radioactive spider. Ever since that day, Miles starts sticking to everything he touches. Then, he meets Spider-Man (Peter Parker), teams up with some friends from the same dimension and they attempt to save the world from the villain Kingoin.

The story is very original and makes the impossible possible. It takes all the abilities of Spider-Man to far and beyond with its action scenes. The film also shows a very real family atmosphere and the humor is smart. I love the non-traditional characters and how they embrace diversity. And yes! Spider-Man is Latino and surely does speak Spanish! There are also some fun new characters.

With this film, Marvel has created a film that celebrates comics, film and visual arts. Of course, it celebrates Spider-Man and makes this super hero relevant and contemporary. It is absolutely eye-poppingly beautiful and really pushes the boundaries of the genre with its colors, textures and camera movements. There are several different forms of animation in one film. You feel as if you are actually reading a comic book or the comic book is coming to life.

Naturally, the film does a very touching tribute to genius Stan Lee. I feel the filmmakers took some risks bringing new ideas to this iconic character which as been adored for over 50 years. The result is a must-see family movie that is even more appealing to new generations. I also love how this film is animated. It's so different. I've never seen a film like this one. I think it's very unique. Be sure to stay after the credits to see something very special, including another set of credits at the very end.

This film sets a new era in animated movies. I recommend it for ages 5 to 18, as well as adults. I give it 5 out of 5 stars and include it in my Oscar predictions as a very possible winner. This is the film parents will love their kids to watch and kids will enjoy in many different ways.

With great power comes great responsibility and we all can be heroes. This is the idea behind Spider-Man: Into the Spider-Verse - inclusion for all in the vast universe and the idea that we can all be heroes by making the right choices and doing our best helping each other in our everyday life.

Reviewed by Zoe C., KIDS FIRST! Film Critic. For more reviews by youth, visit kidsfirst dot org."
"This film is storytelling at its finest. They've really transferred the art of comic book story telling onto the big screen to a level that no other film has matched. Beautiful and fresh animation. They've not been afraid to try something new and it has definitely paid off. I hope this sets an example for future films, as it's definitely raised the bar! A film that can be both parents and children's favourites. Very memorable."
"This movie is brilliant. The animation is awesome, the story is really cool and compelling, and the humour is genuinely funny. How did this come from the same production company that gave us The Amazing Spider-Man movoes?"
"The best animated film of the year. It just goes to show you that you can have a superhero film with 6+ heroes, 6+ villains, with plenty of fan-service & cameos that still is easy to follow while telling a compelling story. Comic fans can enjoy the amount of details included for them, while general audiences still understand who the good guys vs the bad guys are without a huge backstory for each character. The different Spider-People (Persons of Spider?) could all carry their own films, showing off drastically different art styles & a great voice cast. The animation is some of the most uniquely stunning visuals I've seen on screen, looking like comic book pop-art brought to life with newsprint texture, dialogue bubbles, & fluid motion. The writing is tight with plenty of heart & tons of laughs. It's a coming of age tale about a teenager who doesn't necessarily want to be a hero but feels that he's the only one who can in his realities time of need. I hope to see more from this animated Spider-Verse in the future."
"I'm blown away, this movie is absolutely beautiful. The animation is stunning, the soundtrack is amazing and the dialogue and storyline is so heart-warming. The characters are memorable, they all bring their own emotions rubbing off on the audience, and the humor is right on, its daring and hilarious and doesn't seem forced like you might see in some of the MCU films. There's been 7 Spider-Man films in the last 16 years and this might be the best one yet, its pays its respect to the past films while driven on its own storyline adventure, being such a known character the movies still comes out as original. The cinematography and animation are gorgeous, definitely oscar worthy. I'd say this is one of the best superhero origins movies ever made. Then there's the numerous amount of easter eggs, be on the lookout for those. I can't say the movies underrated cause its be treated just as it should be, but if there's one thing that its underrated its the soundtrack, the funny thing is the soundtrack is the exact type of music Miles Morales would listen to, so I guess you could say there's a touch of realism. In the end all I can see is go see this movie for yourselves, the visual experience is amazing, its touching and serious, funny and witty, brings more emotion than some of the superhero movies you'll see today and best of all if your sick of superhero movies this is a complete different and fresh start of the genre. (Don't forget to wait till the end of the credits)"
"I can't believe how many people are raving that this is the best movie ever (Bohemian Rhapsody of animation???). Almost everyone who gave it a 10 or a 9 are raving about the same thing, the visual animation, blah blah. It was a decent movie, but that's it... decent. Stop all the hype and nonsense"
"This movie has one of the most boring and predictable story lines I've seen in a long while. i'm giving spider-verse 5 stars out of 10 because the animation is beautiful, especially the comic book spreads but the animation cannot hide the plot weakness, since if you know the title and the first few minutes of the movie, you largely know the plot. The only reason I didn't leave one hour into the movie is because my companion fell asleep and i didn't want to wake them up, but the movie is also painfully long. Bottom line, I would rather have spent my time re-watching Tobey Maguire's 2002 spider-man."
"I knew that this movie would be good from the first moment I heard about it last year, and it did not disappoint me one bit. It met all of my expectations, and then went above and beyond them. The animation is a blend of CGI, stop animation, pop/comic book art and realism. The vibrant colors pop out at you, and the action sequences really enthrall. A very captivating and beautiful piece of art is this movie, and the writing choices leave nothing to be desired. The story is that of the traditional starting superhero with a bunch of twists thrown in. The movie itself actually follows past comics for the most part, with some minor changes here and there. A true Spider-Man, or comic book fan in general, will not have anything to criticize in this movie. Everything that fans want to see out of Spidey(s) is in this movie. There are multiple different variations of Spider-Man in the film, and all of them have their special moments to shine. The end credit scene just rockets this movie up past my already positive expectations, and it gets a 10/10 from me! The movie can be enjoyed by both young and old alike, and trust me, it will blow your mind! Best animated film of 2018, and one of the best superhero movies ever made. It deserves any and all awards and kudos it will surely garner."
"Perfect animation, humour, well developed characters and a gripping story make this a mind blowing masterpiece! This is the best Spiderman movie ever made. If this is the future of animation then it's more than welcome. The story is awesome, there is great superhero action and the animation is fantabulous! I was expecting it to be good but it actually exceeded my expectations. Sony and Marvel have set the bar real high here. Get up and go into the Spiderverse! You need to watch this movie, like yesterday!"
"Everything about this movie is exceptional And 1st time watch is not worth, you should literally watch this atleast 2-3 times to gully enjoy every single frame"
"The visual style is unique and impressive, but choppy movement caused by dropping the frame rate in order to make CGI look more like hand-drawn animation. There's just too much of everything all the time. The creators should take more time and build ambience and atmosphere. The constant visual fireworks feels like an ADHD nightmare.

The overabundance of childish slapstick comedy gets old really fast. Too bad the creators didn't have more ambition for more compelling writing. Miles Morales is a one-dimensional and uninteresting character. Then again, that's Brian Michael Bendis' fault."
"I had no great expectations at all. Let's start with that. I haven't seen a single picture of the movie, so I had no idea what I was going to watch.

I've seen the great reviews of it, some stating that they were expecting something super overrated and it turned out to be the opposite. So.

Here I'm. Long story short, I accept the fact that the majority of the people who have seen this have low needs. That's why movies such as Roma for example generated only $3m at the box office. People in general need easy movies, don't have to think at all, more colours the better, some silly jokes and there you go. That's why they don't make movies like the Fight Club today. Those kinda movies don't get the money to be made because people wouldn't watch them. Sick and might be hard to accept for some of you, but it's true. De Palma and many others states that people tasted Cola and now they only want to drink Cola.

This movie was predictable. I didn't like the style of it, but it was ok. New, but not good. It had it's silly jokes, many nonsense things. TONS of PLOTHOLES. Also it was easy. VERY EASY. If you have seen any Spider-Man movie, series or something, then you have already seen this movie. Literally.

I was just waiting when comes that moment that will lift this movie up that would make it to deserve it's score. I was truly hopefully waiting until the ending. Every scene somehow just kept bringing more and more nonsense things into the way, not even caring about the rules of the movie itself. Then at the end we had a Clark Kent moment, when he puts his glasses on and nobody can recognize him and the movie ended.

Visually wasn't good. Have seen far better visuals in an animated movie. The best thing about the movie was the uncle's theme song. I liked that.

Otherwise this movie is no different from the most of those that take place in the top250.

Not even close to The Lion King, Your Name, Spirited Away, Grave of the Fireflies. Even Monster Inc. had more in it.

It is currently no. 26 and with it the no1 animated movie. Which is funny because it had 1 Oscar nomination only. WALL-E had 6. Toy Story 3 was even nominated as best feature. Both of these movies and better by far.

So, in my opinion this movie is just a great example of what people need today and how easy it is to impress them. It was far harder before.

It is going to win it's award for the same reason. But it wouldn't even deserve to be nominated. Hollywood is full of people that don't know what a movie is or should be, they just take part of making one trash like this."
Loved this movie. Great action. 3D was awesome since it's in cartoon format. Will go see it again.
"The film is stunningly beautiful, I've read about the amount of human-hours invested in this film, and those people, indeed, deserve an Oscar. However, on the other side: linear and one-sided characters, which are not properly introduced, and I still doubt, why some of them were in the film. Like, if you remove them NOTHING will change. The last thing to say: I belive the film is overvalued. Yes, it is beautiful, new generation, so to say, BUT, I can't agree that this film has the right to stay in line with one of the best films in the World. It is always easier to draw a cartoon full of emotions than to show emotions of a real person."
Animation was great but it was a slow burn and the comedy definitely did not not stick I know this an unpopular opinion and I'm not just trying to go against the crowd but i honestly think it was overrated
Waited so long since the first trailer over a year ago and was not dissappointed!
"Being one of the greater animated pieces created so far Sony managed to give fans everything they would ever expect to see in a spider-man story. Great storyline, enormous amount of easter eggs and references, outstanding animation and one of the greatest post credit scenes ever to be seen. Overall, this is a piece every selfrespecting marvel fan in general and spider-man fan in particular should watch."
"After all the iterations we've had of Spider-Man, this movie still managed to feel fresh? Was so surprised well done to all involved a fantastic animation, my animation of the year without a doubt m."
"Pituitary overload, pop art sugar rush, bugeyed & reeling amazed at the sheer level of originality barrelling at you at the speed of light. Animation reaching for it´s potential and massaging your brain till your spine tingles. Needs to be experienced."
"Even if you're not the biggest fan on Earth of animation, I'd urge you to give this film a try. It has such an incredibly broad appeal, it really does push the boundaries, and perhaps at the point in time that it was made, raise the bar on animation.

The story is great, and Shameik Moore does a cracking job as the central hero, but the deal success comes with the animation, it is quite remarkably good, with subsequent viewings you'll spot more and more, it was clearly a labour of love for the team behind it.

It is a dazzling, dizzying affair, there is so much happening on, but it's all cohesive, it's not one of those films that leaves you confused and bewildered, it really does come together nicely.

Plenty of action, plenty of surprises, I urge you to watch it, and then definitely get and see the mind-blowing follow up.

9/10."
You have to admit it that it is one of the best superhero movie ever made or maybe the best.You feel for the characters.Animation is spot on.Maybe it borrows from previous films that we all are familiar with.The movie might have many spiderman but Miles Morales is the hero here.You see and feel the charcater's evolution just like the live action film.The movie has its heart in right place and could well make you emotional.Just watch it.
Stunning visuals and an engaging storyline combined to produce something amazing. This movie grips you and leaves you wanting more. I have never seen a movie quite like this before. This movie is simply an incredible masterpiece that has set the bar for animated storytelling.
"Didn't find the graphics that appealing and the story was ok, but nothing spectacular. I'm guessing anyone into anime or young kids would've enjoyed this more than teens and older viewers. 7/10 from me"
"This is all a great flick with pretty mature and dark themes, and decent humour for the most part. But half-way into the gig, it turns into 'Space Jam' - quite literally. VERY POOR script decisions meant to get this across to ages 12 and down, transformed a potentially 8/10 piece into a 5/10, within two minutes. I could not but cringe. Very disappointing."
Best Spiderman movie I've seen so far. The animation is stunning and I love how the 'glitching' theme ties in with the animation style/framerate and music. Genius on all levels.
"There have been so many spiderman films, each of which was cut off from a sequel and rebooted over and over. However, this could alone stand out to be a much better spiderman film in comparison to them all. Into the spiderverse takes you on a sci-fi adventure of multiverse, a spiderman film we have all been waiting for.

The animation alone stands out to be the best feature about this film. This new style of comic book animation is top notch and a must watch especially for comic book lovers. The efforts taken in creating and rendering this film was worth it. The film is innundated with so much of high quality design, byzantine animation, one can't take their eyes off the screen and even afford to miss a scene.

Even though it has a small run time to it, as most animated films do, this film offers a good character development and good storyline which is unpredictable at times making you shout out ""wow"" especially if you are a spiderman geek.

There is an adequate amount of humor. The humor is not forced at all, it has good one liners that makes you enjoy the film from the very beginning. Into the spiderverse is a fun, fresh take on the spiderman story filled with excellent quality content, brilliant animation, lots of humor and exciting action sequences."
"I had my doubts when Sony said they they were making a new cartoon Spider-Man movie, considering their last outing was the Emjoi Movie. The trailer displayed the artwork pretty well, but still I didn't want to get my hopes up. The reviews made it sound like the best Spiderman movie ever. So I went to the movie theater and watched it with my brother. And I was, in short absolutely captivated.

Miles Morales is a teen protege growing up in Brooklyn with a hard nosed cop for a dad, a loving mother and an uncle, Aaron who helps him explore his ambition as a graffiti artist. The problem is the new school he goes to isn't the life he's looking for, and he is doing all he can to get out of it, against his family's wishes.But that all changes when he meets three people: a girl in his class named Gwen Stacy, a 26 year old blonde guy named Peter Parker and a radioactive spider.

Because of a portal opened by Wilson Fisk, the dna of. Spider-Man attracts in alternate Spider-Ma.... i mean Spider-People, dragging them all into Miles' Brooklyn neighborhood. It's up to them, including a middle aged and cynical Peter, Spider-Woman, Spider- pig, and a depressed and grungy Spider-Man Noir, to stop Kingpin from using the portal again to rip a hole in the space time continuum.

But that being said, that doesn't touch a bit on how hilarious, how heart breaking, and how endearing the scenes can be moment by moment. The animation and concept art go hand in hand, and gives the film a high tech, pop art appeal like nothing the world has ever seen at this scale or skill. Words can't describe the way this movie moves and feels like the best comic book ever written.

I can't recommend this enough. Go watch this movie right now and you will not be disappointed But don't watch it if you have epilepsy or anything like that. It gets pretty flashy."
"It started of well and I knew by the trailer what I was going to expect. I was waiting for something beyond my expectation but when it became weirder it definitely became a lot weirder. If you have seen episodes of The Flash, this film's story feels like meh. Apart from the dialogues, it's definitely bad writing. The main character is completely clueless about being spider-man but when the writers need him to use his skills, voila!, he knows it all, like the back of his hand.

People who say this is the most visually stunning film they have ever seen are those who haven't seen films. All those who have given this a rating standing at 8 point something have been blown over the visuals of this film which is great but every film's basic foot lies in it's screenplay. This is sloppy writing. Aunt May being kind of Iron Man and all. There is a moment in every new super hero film where the hero falls short of confidence and then a few scenes or a lot of scenes later the confidence is regained. Here it happens in the very next scene. What a load of BS. Spider-man sticky web sticks to his hand easily and is a disturbance for him but it is conveniently easy for the villain to break that sticky web

And Nicoles Cage..Are you kidding me...His way of talking makes it irritatingly meme funny. Depressing. His character was a complete waste.

But definitely much better than Captain Marvel. This film is visually stunning and the animation is excellent. Kudos to the animation artists. But the writers need to write better."
"I'll start by saying that I didn't have high expectations watching this movie but it was so much better than I thought it would be. I was entertained from the first minute to the last. They did a real good job and I chose to write my first review because of it.

The only problem I had with the movie was at times it would look blurry or the picture wouldn't look great but I was watching in 2D and think 3D may be better. I never watch movies in 3D but I was thinking of watching this one again in 3D just for the graphics. I believe it's a must watch, especially if you like Spider-Man and the comics."
"Most of us have dreams. Not the ones about having a billion bucks or getting that girl, but the night time ones. So most of us would agree that in that twilight zone our brain unleashes its creativity, no longer bound by the constraints of reality, and that allows us to dream the most crazy and amazing stuff. And most bizarre and incoherent also. Especially if there were some substances consumed beforehand.

In that sense, I'd agree with those who say that Spider-Man: Into the Spider-Verse is an animation film we could dream for. I'm far from the comic book culture, but even I can admire the visual style of this film, made so that any still out of it could actually pass for a real comic book's frame. That aesthetics is brilliantly done, no questions about it.

The rest of admiration, however, heavily depends on how much you are into TV cartoons, comic books and Spider-Man himself. This film loves to reiterate over and over again that it's based on an established universe, so there's an abundance of Spider-Man movie references and other allusions. If such things make you gasp in awe and maybe even shed a tear of nostalgic affection, you'll love it all. But for me as a non-Spider-man-acolyte, this soon became somewhat boring. I wanted to see something new, something unexpected.

And something new I did receive! In the form of a slapstick action multiplied by the pseudo-scientific stuff as grotesquely absurd as it was far-fetched. And I can clearly see how Sony was inspired by the likes of Big Hero 6 and its outright fusion of the Western and Eastern kid entertainment culture, and of Ant-man and even Dr. Strange and their abundance of moving colored specks and nonsensical words in lieu of common sense. The deeper we go into the Spider-Verse, the more bizarre it looks, feels and acts, until we're forced to accept that there are no rules anymore to cling to and that pigs can indeed fly, just as trains.

I do appreciate bringing a new stylistic vision into the world of full feature animation. But I can't say as much about bringing a popcorn bucket of LSD along with it, turning everything into a final battle from Final Fantasy, with its constant sparkle and rush and a muffled feeling that it used to mean something, but now you can't remember what exactly and it's way too late to stop and think about it.

It was a fascinating trip while it lasted, but praising it as something more than that would be like retelling your dreams to someone else: you'd end up realizing how little sense your words make and feeling embarrassed about the whole idea."
"I went into this expecting a Marvel created film but what I got was a disney animation mess. The first hour of the film was pointless and boring. Story was non-exsistent bringing characters that were never on the screen long enough to be explained, the animation for the most part was alright until the bright colours start giving you a headache. Really not sure why this has so many 10/10 ratings unless ofc people are fake hyping which is what most of the reviews seem to show. Best to stick to what your good at Marvel and it's not this."
"I Have loved the Spider-Man comics since being a kid, and have followed them for 40 years since. I can honestly say they have brought the comics to life.

It uses comic print type graphics while still having that clean HD computer generated look, giving the characters in focus superb colouring and life. At times the back ground was out of focus, i guess this is on purpose, but felt like badly edited 3D, but this didn't distract from the overall look at times it almost feels like a live action film.

It a fantastic storey which feels like its been ripped straight from the comics. It is jammed packed with the proper Spidey humour, and gives us the usual moral questions which makes up every great Spidey Character. There is great action sequences throughout, and you do get invested in the main characters emotional journey.

It has everything a great Spider-movie should have, but you get more Spidey for your $$. If your a fan of the whole Spider-verse thing have patience and wait till the end credits it is worth the wait."
Most avid moviegoers know that in order to find a truely great movie you avoid 2 things ; superhero blockbusters and Nicholas Cage. This movie happens to be excellent whilst falling under both of the above mentioned categories. It had excellent rhythm and manages to speed through the Spidermans' overworked origin story. Don't watch it if you're unable to appreciate the artwork.
"It is amazing there is character development, plot twists, compelling villain, relatable protagonist, unique comedy, drama, clear and unpredictable plot there all it is in this spectacular ride of a movie. My only issue is why is this movie felt so short while clearly this movie is 2 hours long."
"I have to say I was completely blow away by this film. I wasn't sure how I was going to fill about a multiverse spiderman film and when I saw spider pig I thought for sure this move was going to be bad. Boy was I wrong this film had it all visually amazing, fantastic storyline and great soundtrack. This is an absolute must see film."
"Where could I even dream to begin on this one? An animated Spiderman film that sits at time of writing as the 41st highest rated movie on IMDB and won an Oscar? Who'd have thought such a thing was possible?

So the movie has been hyped left, right, center and diagonally, I've literally not heard one single bad thing about it but the facts mentioned above left me stunned! What could this possibly be to be heralded in such a way?

Telling the story of a young man who is also bitten by a radioactive spider and develops superpowers. Kingpins latest dastardly scheme is tearing the fabrics of reality apart and alternate universe versions of Spiderman have all ended up in the same universe. I'm sure you can work out what happens next.

So the animation style is a tweak on Pixar, it plays out like a comic book and call me weird but that certainly didn't work for me. The animation doesn't flow fluidly, it looks hokey, disjointed and I found myself frustrated by it.

The plot is a novel concept and I liked it, the delivery however I did not. Certain aspects make very little sense, sure it's a Spiderman film so I'm not supposed to think about it too much but I did and my conclusions were migraine inducing stupidity. Did I say stupidity? Oh the stupid doesn't end there sadly, I get the multiverse concept of anything is possible but their Spiderman variant choices were bafflingly dumb and what you'd expect from a Saturday morning cartoon not a blockbuster film!

It tries to be heartfelt, but comes across half-assed. It tries to be funny, but comes across childish. It tries to be action packed but the style of animation didn't allow it to be done justice.

Okay I'm slating the film right now so it probably sounds like I hated it, which I didn't. 6/10 is a fair rating and suggests its above average and it is. But I'm annoyed at the acclaim that's it's been bathed in.

8.6 rating on IMDB are you kidding me? And the Oscars have lacked credibility in my eyes for years because of their ridiculous bias and genre-snubbing but this right here is the last bit of credibility up in smoke. I'm not saying a superhero movie shouldn't be Oscar worthy, but this silly cartoon simply isn't (And neither is Black Panther but I'll resist the urge to rant).

Into the Spider-Verse to me is no different than all the straight to DVD Marvel and DC efforts we see a couple of each year. The only difference here is the animation style, nothing else sets it apart.

I just don't get the appeal.

The Good:

Some great writing

Great idea

The Bad:

Animation hardly flows

Unexpectedly silly

Plot holes that are unforgivably stupid"
"For the first time ever, Sony Pictures Animation presents to us a new movie that has the better critics like some movies of Disney/Pixar."
"Very overrated movie. All protagonists are repulsive. Villains are poorly executed, specilally kingping who looks like gigantic meatball. He is not scary or formidable at all. Graphics look like experimental videogame. 6/10. Allmost all of high production value computeranimated movies are better than this."
"Looking at the first 3 million reviews on here you would be forgiven for thinking that this film is the best film that has ever, and will be made - well it isn't and I suspect that political standings have had something to do with this. The film is ok but visuals and metal soundtrack not to my taste. One other thing that spoils things in a massive way..... why is Spider-Man, Superman, Hulk etc special??? ..that's right, because there is only 1 of them. As a true Spider-Man fan, I wish the creators of this movie would disappear back into the dimensions from which they came."
