Commentaires
"Great message, if only it would reach those that really need to hear it. Unfortunately people in real life are far too much like the bully's parents.

Worth a rental."
"First of all, I gotta say that I read the book. I absolutely loved the book. Now, I wasn't going to raise my expectations for the movie adaptation because we all know how movies disappoint in comparison to the book. Wonder however, stays true to the book, which is its major redeeming point. I thought it would be some modified, really boring movie that would make me sigh throughout the whole 2 hours as I pointed out key flaws and differences between the movie and book (because I'm one of those people), but I loved it. The acting was INCREDIBLE, the story stayed true to the book (they only left out a flew plot points rather than invent their own) and it was overall a great experience. When I got out of the cinema, so many people were crying or said they had cried and I was overjoyed to find out that I wasn't the only person who felt touched. The child actors are fantastic, but overall there wasn't one bad actor. IF you were considering seeing this movie but weren't sure because you thought it might be boring, trust me, it's really worth the watch!!"
"We Need this type of movies nowadays!

It is an emotional, funny & uplifting story. I was fully sympathized with August Pullman. It was so wonderful to see and feel everything through him. The way he describes everything is so beautiful. Also, knowing the story from the perspective of certain characters made a strong connection between me and them.

I read the book. It was awesome too. Some details were changed in the movie but were good changes and there are some details from the book I hoped the movie to show it and it didn't but that didn't affect the movie in a negative way. Everything was simple, clear and on point. The movie has strong messages about kindness, love, appreciating everyone for who they are and true friendship.

Jacob Tremblay proves again his talent as an actor. You won't recognize him because of the makeup but his expressions, voice and eyes were really persuasive. All the kids are amazing. Izabela Vidovic surprised me a lot. Julia Roberts is excellent and Owen Wilson was great. He was exactly as I imagined him while reading the Book.

Finally, Stephen Chbosky. Great job man! Once again he made me care about the characters and he portrayed them beautifully specially the kids. He let them shine in every scene.

I loved this movie so much. I had a great and enjoyable time with it. I laughed and cried. It is pure and heartwarming. This is a perfect family movie."
"With Stephen Chbosky's top-notch direction, a clever and elaborate script by Jack Thorne, Steven Conrad and Chbosky, a beautiful soundtrack by Marcelo Zarvos and Bea Miller, great makeup and amazing performances by Julia Roberts, Owen Wilson, Jacob Tremblay and Izabela Vidovic, Wonder can be exciting, a lot of fun and one of the best movies of 2017"
"I loved this movie! I was expecting this movie to be a child's version of the classic ""Elephant Man"" but it was so much more. Delving into different aspects of Auggie's life and developing the characters around him.

This was brilliantly done and has a positive message for all ages and all walks of life. I highly recommend it for anyone!"
"Loved the book, one of my recent reads and one of the ones that really resonated with me. Really admired that a difficult subject that similarly resonates with me was being explored. Like feel good films with doses of humour and sentiment exploring serious concepts. Love 'The Perks of Being a Wallflower', also directed by Stephen Chbosky, that 'Wonder' is often compared to. A lot of the cast have also done good previous work.

'Wonder' generally did live up to high expectations. It was not quite a wonder but it very nearly was. Is it as good as 'The Perks of Being a Wallflower?' No, not quite. It is a very good film though, and is also one of the most faithful book-to-film adaptations there is (there are not many of those around). A few changes, but not ones that harm the film at all and it doesn't suffer as much as other book-to-film adaptations at compressing, the impact that the book had and its spirit is very much intact.

Not a flawless film. The narration is overused and over-explanatory, there are far worse cases in film but it definitely could have been used less and didn't need to tell us as much as it did when it could have been shown just as effectively and would have not confused the storytelling at all. The ending also goes a little too far with the sentiment, feeling a little too maudlin and contrived.

However, 'Wonder' had inspiring, well-intentioned messaging, and even when past my school days it inspired me and made me think how my bullying suffering could have been handled better on my part. It really resonated with me as somebody who has been there, being bullied in school mercilessly for being ""different from the norm"" and my difficulties (physically and socially) and found myself identifying with Auggie every step of the way and admired how he overcame everything. Personally actually bought how he was accepted (it certainly works for different people, and while some will not find it truthful, as someone who actually was accepted quickly when changing schools regardless of my problems it rang true for me).

The comedy is not overdone and is genuinely amusing and warm in a gentle fashion, never distasteful, and the emotional elements were very poignant and brought tears to my eyes. The feel good elements had a real charm and warmth and there was a lot to be inspired by. A couple of other elements are also touched upon, including courage in the face of adversity (something that was true for me after leaving school and going to music college) and how friendship and family are portrayed, also very much identifiable and powerfully done.

'Wonder' is a beautifully filmed and directed film, sympathetically written and scored and always involving.

Can't fault the cast. Jacob Tremblay once again, after his performance in 'Room', gives a revelation of a performance that is very easy to relate to, it is completely insignificant that an able-bodied actor portrays a disabled/deformed character (John Hurt in 'The Elephant Man' portrayed a heavily disfigured character, as a notable example, and Hurt was far from that) contrary to a couple of comments made.

Izabella Vidovic also impresses hugely, Owen Wilson is warmly restrained and one would be hard pressed to find a Julia Roberts performance this gentle or endearing.

Overall, very good and very nearly a wonder. With less and more subtle narration and an ending that rang true more, it could have been. 8/10 Bethany Cox"
"Have you ever felt like you were the same as everybody else, but you were also different from the world? 10-year-old Auggie Pullman will tell you that while he feels extraordinary on the inside, outside, he doesn't feel like that. He feels lonely, invisible to everyone around him. I guess, maybe we all feel like that sometimes. Maybe we're outsiders trying to leave a mark on the world, just like Auggie. Which is why ""Wonder"" appeals to the underdogs in all of us. This beautiful book, which came from the riveting and honest imagination of author R.J. Palacio, has touched the lives of millions of readers of all ages (I'm one of those readers). Now, with the help of co-writer/director Stephen Chbosky (Author/screenwriter/director of one of my favorite tales, ""The Perks of Being a Wallflower"", Co-writer of Disney's astonishing live-action remake of ""Beauty and the Beast""), I can't imagine anyone, kid or adult, ever being disappointed with this endearing adaptation of a beloved book that has great messages of never judging a person by their looks and to always choose kind, which is something that we all need to learn from in this day and age. With convincing prosthetics and makeup that makes look nearly unrecognizable, the wondrous Jacob Tremblay from ""Room"" and ""The Book of Henry"" is brilliant as Auggie. He has Treacher-Collins Syndrome (a craniofacial disorder) and has survived 27 surgeries. After being home-schooled for half his life by his mom, Isabel (Julia Roberts. still luminous and radiant as ever), he is sent to public school for the first time, with a little help from her, his dad, Nate (Owen Wilson) and his sister, Via (Izabela Vidovic), who has always been there for him. As soon as he goes to school, he immediately gets picked on and bullied because of his appearance. Some kids, including Jack Will (Noah Jupe) and Summer (Millie Davis) accepts him for who he is. Even some of the staff, including English teacher, Mr. Browne (Daveed Diggs from ""Hamilton"") and the principal, Mr. Tushman (Mandy Patinkin) cares for him. But some, including bully Julian (Bryce Gheisar), don't like him. As the story progresses, we get to see the different perspectives of each of the characters, family and friends, who will leave an impact in Auggie's life in moments that are good and bad. Only then, Auggie will unlock the power of acceptance and friendship in order for him to truly find his place in the world. ""Wonder"" is a tough-minded film that reminded so much of how I used to love the classic family films I grew up with. A movie that doesn't dwell on special effects, talking animals or a big budget, but has deeper thoughts and real themes that enthralls the inner kid in all of us. It's moving, funny and tenderhearted in an authentic way that shows us that we have to see through the eyes and soul of another person, rather than seeing what that person looks like. It also helps by having a great writer/director and a terrific, well-chosen cast (including poignant turns from Danielle Rose Russell and Nadji Jeter, who plays Via's friend and first love, respectfully and a brief cameo from Sonia Braga as the Pullmans' grandmother) who care for this story that it never goes over the top with the emotions and it never goes down a conventional, melodramatic and saccharine path. Every moment of emotion fits like a puzzle and convincingly flows in every scene. Auggie said, ""We all deserve a standing ovation at least once in our lives."" I say, we should all give a standing ovation to both book and movie of ""Wonder"", because like its characters that gets their moments of pure humanity and, of course, dear little Auggie, this story is a wonder. I will never forget this movie and I hope that families around the world who have always wanted to stand out from the crowd, no matter how different they are, will do the same."
"When you learn that a movie's premise is about a young boy with facial differences, you know it's going to tug at your heart strings, wet your eyes, and put a lump in your throat. On those notes, Wonder delivers in a big way.

Wonder tells the story of Augie Bloom (Jacob Tremblay), a 10-year-old boy who attends school for the first time, after his mother (Julia Roberts) had previously home-schooled him. His journey hits all the affecting, though predictable notes. He encounters bullies, a nice kid, an understanding and comforting principle, and a hip young teacher who possesses the wisdom of someone much older.

Nothing on Augie's journey's will surprise you, but I challenge you to resist the emotional ebbs and flows along the way. That's the movie's main objective. It wants to make you cry and it succeeds in doing so. Aside from a few occasions in which it resorts to shameless manipulations, you won't feel too terribly about giving in to the feel-goodness.

The performances are sincere, even if the actors are more so playing clichés than thoughtfully-formed characters. Julia Roberts shines are the tough and loving mother. Owen Wilson plays the dad with his familiar cool guy with a big heart routine. It works. While he plays a supporting role in Augie's life compared to mom, he keys some of the pivotal moments of Augie's growth. Augie's sister Via (Isabela Vidovic) dutifully asks little of her parents, knowing how much work and attention they must give to her brother.

The best part of the movie is that we see multiple perspectives, like that of Via. Several times during the movie, a different character's name appears on screen and we see his or her story. Via is one. Augie's friend Jack Will (Noah Jupe, tremendous young actor) is another. Via's best friend's personal story, who inexplicably distances herself from Via this school year, is the most illuminating. Director Stephen Chbosky's makes a wise choice to cover the story from other points of view. From this we can see not only Augie's story, but also the impact that he has on others.

Though I'd like to have seen the material speak for itself more often, rather forced upon viewers in a way that feels, well, forced. We're going to feel sorrow during Augie's struggles and uplifted during his triumphs. Additional attempts to emotionally manipulate aren't necessary. Luckily, they don't overshadow the movie's warm moments or its wonderful message.

The winning moments outnumber the sigh-worthy ones. And the overall effect is charming. Augie really is a great kid. It's okay to shed a tear and smile."
"Having read other reviews that criticize that this movie is not realistic, I felt the urge to write my very first review here. I was thinking about the following questions:
does this movie have to be realistic?
what if it shows us an ideal to strive after?
wouldn't ""Wonder"" be a good title?


In my opinion this movie is not necessarily realistic (yet) but optimistic. It does not have to be realistic, because it is (of course) a fictional movie and showing something most people will not have experienced in their lives. Here, I'm especially referring to people that got bullied at school. All too often, those people are left alone and stuck in their situation. Over years, they may get permanently threatened, often with no or very few external help. The reasons for that are manyfold, but often boil down to something superficial. I do know that - not really from the bullied but from the bully side.

Back at my school days, it did happen that I was in groups bullying minorities. At those moments, we felt stronger, I guess. But with hindsight, I felt actually bad, knowing that even the slightest participation in such things is bad. Even looking away is bad.

Courage is what I was missing at these days, and I regretted it. This movie shows even ""stupid"" people like me that there is a way out and people can manage to act differently. In that sense the movie is optimistically showing an ideal. But people often need to be taken by the hand, to be shown alternative ways of behaving, so they can strive after such behavior. This movie reminded me of that, and it felt good watching it. Even if the movie nowadays has to be titled ""Wonder"", it is a step towards making this wonder come alive. Believe in it!"
"Simply put, this is the perfect family film for all ages. Outstanding acting by little Canadian phenom Jacob Tremblay as well as a great supporting cast. Very well written and directed. A must see film. 9/10 from me"
"Wonder is the story of Auggie Pullman (Jacob Tremblay) a boy born with severe facial deformities as he goes to school for the first time in fifth grade. Middle school is probably the least forgiving environment he could be entering, as anyone who has ever met an eleven year old could tell you, but he has a strong support network with his parents (Owen Wilson and Julia Roberts) and his sister (Izabela Vidovic).

If the story had only focused on Auggie it would have been good, but what set it apart was that it branched out. A lot of time is devoted to his sister, Via, as she is also facing a tough transition in her life as she begins high school. She is used to having to take care of herself because Auggie requires so much attention and she is able to put her own problems on the backburner to be there to support her little brother.

They also look through the eyes of some of Auggie and Via's friends to see how Auggie has impacted their lives. This really helps the viewer connect with the film and really makes it work as a engrossing and heartwarming picture."
I absolutely fell in love with the story of this movie. I went to the premier last night and didn't really know what to expect. I was very pleasantly surprised. I don't consider myself an emotional movie watcher but I almost lost it 3 times and I laughed more than I could remember. The story line was very easy to follow along. I did not lose interest not one time. I was so impressed with the children actors. A very beautifully written and directed movie. Must watch for the whole family.
"13 November 2017 Film of Choice at The Plaza Dorchester Tonight - Wonder. Today is world kindness day and a link appeared on Facebook offering free tickets at cinemas across the country to see a special pre-release preview of this beautiful film. Wonder is the story of Auggie Pullman who is born different. Home schooled, his mother feels it's time for him to enter mainstream education and he joins the 5th grade. People can be cruel and kids can be cruellest of all and Auggie struggles in a world where everyone stares and whispers and even bullies. It's not only Auggie who struggles however, as the film progresses we are told the story from different angles, that of Auggie himself, his sister, his sister's friend and his own new friend. All have issues which are both affected and unaffected by the way Auggie looks. This is a heartwarming tale, based on a New York Times bestselling book. Julia Roberts and Owen Wilson play the parents who love their son fiercely and ache for his anguish and rejoice in his successes as he finds his way in the world of the 5th grade. I urge you to go and see this, easy to watch and the characters are all endearing in their own way, even the bullies. I believe it's on general release at the beginning of December."
"I cried warm tears all throughout this movie! My heart is warmed, this was overwhelming and well done! This movie was a great example of kindness and respect, and it's for all ages!"
"""Wonder"" is one of those emotional films that make you feel good in the end. The story of an outcast ten year-old boy with facial deformation that outdoes his schoolmates and becomes cherished in the end is a great entertainment although unrealistic. A school with only one wicked child is absolutely unusual and hard to believe. But the film is worthwhile watching, with Julia Roberts and Owen Wilson showing outstanding chemistry and nice characters. It is funny to see the fashion in the studios with Caucasian and Afro-American couples. My vote is seven.

Title (Brazil): ""Extraordinário"" (""Extraordinary"")"
"It's early in the 2017 Holiday and Christmas season--well, at least from a normal person's perspective, not a retailer's perspective--and we now have a holiday film well worth taking time away from all the hubbub to enjoy. After being thoroughly depressed by ""A Bad Moms Christmas"" (even though I normally love a season-tweaking R-rated comedy during the holidays) seeing ""Wonder"" was (yes, I know what I'm about to say is a cliché, but it fits this particular film perfectly) like a cold, bracing, and refreshing breath of fresh air. The less you know about it before viewing the more joyous your viewing experience will be, so I'll just say it's one holiday film I hope will become an annual tradition along with the likes of ""It's A Wonderful Life, ""White Christmas,"" and ""A Christmas Story."" While ""Wonder"" is not specifically meant as a ""Christmas"" or holiday film, it fits the more joyous and kind themes of the holiday season that are supposedly the core reason we even bother to celebrate them."
Very good story. Every child in school should watch this and hopefully it would make them treat each other better.
"Greetings again from the darkness. What a pleasant surprise and crowd-pleasing treat from director Stephen Chbosky! Ordinarily, if you tell me a Julia Roberts – Owen Wilson movie is opening, I would experience nightmares of Malcolm McDowell in A CLOCKWORK ORANGE with his eyelids forced open by metal prongs attached to a head immobilizer (Don't expect any other reviews of this film to reference the Kubrick classic). It's based on the New York Times bestseller and it's a throwback to the days of sweet message films that don't require explanations before recommending.

""I can't wait for Halloween!"" exclaims Auggie. While it's not difficult to imagine any kid looking forward to this big day, very few would share Auggie's reason. Through narration, he informs us that he's ""not an ordinary kid"". After a startling birth, he's been through 27 surgeries. Auggie has genetic facial deformities, and it's not the Halloween candy he anticipates; it's the one day with a level- playing field for him, as other kids wear their costume masks and he can simply blend in. Feel the tug on the heartstrings yet? You will.

Jacob Tremblay (ROOM) plays Auggie, and Julia Roberts and Owen Wilson play his loving parents. Until now, he's been home-schooled by Mom, but it's 5th grade and time for ""real"" school. Auggie's older sister Via is played beautifully by Izabela Vidovic. This is very much her story as well. She carries a burden that few understand, and even briefly finds peace in her fabricated time as an ""only child"". Previously, she had described Auggie as the sun, and the rest of the family as orbiting planets. Not only is it a wonderful performance from Miss Vidovic, but kudos to the filmmakers for casting a 16 year old actress as a high schooler. Typically these roles go to actors in their mid-20's (a pet peeve of mine).

The film kicks into gear, and we really begin to get to know Auggie, once school starts. Mandy Patinkin plays the principal Mr. Tushman (a name he embraces), and we get the expected nice kid Jack Will (Noah Jupe), the rich bully Julian (Bryce Gheisar), and the popular girl Charlotte (Elle McKinnon). Some of the characters have various segments of the film named after them, and though these are quite loosely told, they do provide some semblance of structure to the film and keep viewers focused on the diverse personalities. A Science Fair, field trip and school play (Our Town) each provide critical turning points, and of course, most of the film is based on Auggie's impact on those whose path he crosses.

Although we are subjected to one of Julia Roberts' patented cackles, it doesn't ruin the sentiment or message that Auggie delivers. Daveed Diggs has a nice turn as a teacher, and the always wonderful Sonia Braga makes a much-too-brief appearance. Director Chbosky previously gave us the gem THE PERKS OF BEING A WALLFLOWER, and this time out he allows us to explore the fragility of friendship and family, and the importance of toughness in an individual. The ending is pure Hollywood, but we should accept the crowd-pleasing cheesiness and be thankful for a pleasant, entertaining family movie.

""We need a renaissance of wonder. We need to renew, in our hearts and in our souls, the deathless dream, the eternal poetry, the perennial sense that life is miracle and magic."" - E. Merrill Root (1895 - 1973) American Writer"
That's really all I have. Awesome. It was riveting!
"This is just a wonderful story to watch with your family. Nothing sexual, nothing violent, just a nice, positive and optimistic story. One of the best I watched recently."
"After reading some of the reviews for this movie, I am ashamed at how vapid, and un-empathetic the human race can be. Unfortunately, people have very narrow minds. The message to the movie is great. This is motivational to give you the strength to say, if he can do it, then what do I have to complain about, and hopefully that message is enough. However, after reading some of the negative reviews I can see that people are miserable and their narrow minds do not allow them to see the bigger picture. People do not understand that in order for people to actually learn to accept people who are different, then society and the media have to paint a picture depicting how easy it can be. The same thing can be said for gay people. Without the media painting the picture that it is ok to be gay, and accept gay people, I feel like it wouldn't happen quite as easily as it is nowadays. This movie shows kids that there are people out there who have deformities, or differences, and it is ok to accept them, because they too are people and can be loved. Shame on the people who have reviewed the movie and were not able to realize this concept even if they were bullied and find it unrealistic. Times have changed. And for those who have no tact, well this review isn't going to help you learn tact or be a better person, therefore not for you. Sadly, the people writing the negative reviews will have, or do have children, thus perpetuate the cycle until one day they or someone they know and love turns out to be different."
"A Hollywood movie about a deformed boy battling adversities starring Owen Wilson? Yes, it's exactly as predictable as it sounds. I hate to sound like a cynical old man (I'm actually only 22 with the mind of a fifty year-old whoops) but I've sat through my fair share of schmaltz which mainstream audiences seem to lap up. People seem to be completely sucked in by the manipulative tearjerkers which we've seen over the past few decades such as My Sisters Keeper and Marley and Me, but ultimately, they're sentimental nonsense and therefore phony.

Wonder is the 'heart-warming true story' of a boy who has a facial disfigurement and affects the lives of those around him. In all fairness, Wonder isn't a bad film. It's well-made and entertaining enough but certainly isn't anything memorable. It feels like an Oscar-bait movie but I have a suspicious feeling that Stephen Chbosky will be winning as many Oscars as he did for his previous debut, The Perks of Being a Wallflower.

It's likely to gain comparisons to the superior 1985 film, Mask due to having a central character facing similar issues. However whilst Mask handled the subject with maturity and objectiveness, Wonder smothers on the treacle and treats the audience like children who have an irrational phobia of people whose appearances are abnormal. In that sense, Wonder is a fantastic film for children to see and I was delighted to see plenty at my free screening with their tight parents.

So the film basically ticks off every cliché in the book. Deformed boy gets bullied, deformed boy finds friend and then falls out with said friend, deformed boy gets new friend etc. but it was nice to see a focus on other characters such as his neglected sister. It's interesting though how the other big character, Julian doesn't get a similar backstory. Maybe it has something with him being a two- dimensional bully?

No doubt audiences are going weep and applaud, and the film will do well at the box office. However, I prefer my movies with a sense of Haneke-realism to them. The saddest films I've seen feature absolute zero sentimentality. Requiem for a Dream rips your heart out and stamps on it. If Wonder wanted a similar effect, then it failed miserably. As a children's film however, it's fabulous and carries an extremely positive message which wraps itself in a lovely bow in the finish."
"Reminds me in parts to ""Mask"". An example of never judging a book by its cover.A little sentimental and schmaltzy in parts , which is very much the American way of making films, but if this is overlooked and the film is taken at face value then it is very interesting. It shows how children can be cruel but also how disfigurement can be overcome by warmth of character. My wife was glued to it which is very rare. Very much a Ladies film but I also enjoyed it. Julia Roberts is her typical self - excellent , Owen Wilson shows a warmer side not usually portrayed but without doubt the most touching performance ( and worthy of recognition ) is Auggie - Jacob Tremblay. A future star in the making if ever there was one."
"Efficiently made and acted--I saw this as Julia Roberts was in there--but I mostly felt like the movie exploited emotion rather than earning it. In other words, so much of what we see involves pathos that the movie needed to be doubly careful not to appear as if they were milking it. Sadly that's not the case--I really wanted to play along, but so many scenes felt like emotional manipulation and I did not appreciate that.

Bullying is such a big issue--not limited to kids who look different from the others--but also regular-looking folks. Bullying is an issue even for adults! But the movie sugar-coats and delivers an all-too-sweet concoction that simply feels phony in the end."
"If you liked the book, you'll definitely like the movie. Its a very strong movie"
"Auggie Pullman (Jacob Tremblay) is no ordinary kid. His face is disfigured from a series of baby surgeries. His mother (Julia Roberts) has been homeschooling him and despite his father (Owen Wilson)'s concerns, he's starting the 5th grade at a regular school. His sister Via (Izabela Vidovic) is dealing with her own issues while feeling overshadowed by his problems. He faces difficulties in the school with scholarship kid Jack Will and bully rich kid Julian.

This movie can get a bit overwrought. It definitely tries hard to be a tear-jerker. It pushes a little too hard to get any real tears. Tremblay is great. The movie structure tries to use other characters' points of view for certain sections. That actually provides a possible route to invigorate this relatively standard uplift genre. I would prefer the movie to use that structure completely. It could do one section for Julian and expand on Via's relationship with Miranda. I'm guessing that something about Miranda got cut. Also, Julian has the ""I'm sorry"" line but to the wrong character. That could easily be the ending instead of the crazy climatic fight. That almost took me out of the movie. The best turns come from Jack or even Summer. In general, these are appealing performances and one feels for this family."
"The casual moviegoer might enjoy Wonder. It is light, happy, and heartwarming. It teaches children to be more sensitive to other kids' problems and insecurities. The morality of the movie was blatant and instructive.

The problem was that in teaching a lesson, Wonder completely overstated the point. The movie wants us to view Auggie as a whole, dynamic person rather than as a deformed boy, but it gives us little motivation to do so. We do not connect with Auggie. He seems distant and too focused on his own problem for us to relate to him. We rarely see his fun, smart, confident side - the traits that make a movie character likable.

The movie has little depth. One would think that a movie focused on exploring the emotional struggle of a misfit kid could provide more heart-rending, memorable conflict, but Auggie only seemed to feel real sadness once - when his best friend turned on him - and even then the movie did not inspect his feelings close enough for us to be truly moved.

Wonder had potential to be a good movie, but in the end it never gave us the depth of conflict that we deserved."
"Can't help but feel the nod to August Rush's ""all you have to do, is listen"", vs ""all you have to do, is look"", at the end of the movie. Loved it!! Wonderful movie! 🖤"
"I think i am maybe a tad more emotional than the average person these days so pretty much 5-10 mins in i was an emotional wreck and it didn't stop until the last second.

Lovely, heart warming film that reminds us that maybe there are good people out there and that good friends really are hard to find.

Resilience in life is key and if you give things that seem impossible a try that you may be surprised by the result.

There will always be people that go their whole life judging people by what they look like, or the colour of their skin.. I just don't want to be one of those people and when it's displayed on a film like this, it makes me happy to see but also affects me.

Owen Wilson was delightful and likeable as always.

Julia Roberts was radiant and gave a great performance.

Jacob Tremblay did an okay job."
"Wonder tells the story of Auggie Pullman, a boy born with a a rare medical facial deformity who up until the film begins has been home schooled but the need to go to a real school becomes too great. There we follow the events in Auggie's life as he meets new people, makes new friends and everybody learns acceptance, patience and tolerance.

Like so many films, this is based on a book - the wonderful R J Palacio book of the same name (its a brilliant read and probably available at your local library) - and also like so many films that were based on books, changes were made. Sometimes this is inevitable, because what works on paper doesn't always work on screen and there are perfectly valid reasons for this, but it serves to underline why the book should be read before the film, and not the other way round.

The book describes Auggie's deformity in such a way that it probably looks and sounds worse than it ever could have done in the film. I will admit I was, not ""disappointed"" as such but I suppose underwhelmed is a better term, compared to the book. But I suppose there was always going to be an element of artistic licence when converting literature to film and you can't please everybody.

This is not a bad adaption of a book compared to some I've seen. It stands up pretty well on its own regardless of whether you've read the book or not beforehand. The message from it though is clear - you can't blend in when you were born to stand out."
"All in all it is an interesting movie to watch, if you wonder whether to give it a shot, go ahead give it 30 minutes and see if you are taken into the story.

I really appreciate that this movie brings this fact of people suffering from facial deformities ; in itself it IS a very beautiful gesture and it deserves we at least give it a thought ... and not go with our daily life taking every ""basic"" thing (i.e. Having a whole face, walking, etc.) for granted.

Now this being said ... it realistically doesn't deserve 9 or 10/10 ... reviewers are being fully led by their emotions, and miss some of the hypocrisies in this story.

For time constraint, the movie doesn't expand much on some of the other characters ... who actually DO deserve to be considered.

I actually wanted to stay a little longer on the ark with the sister and J. W. And having an ark on the parents too would have been SOOO instructive: how have they been dealing with the pressure? How are they each feeling about the daughter being left out? What mindset do they each have that helped them going through with their son's childhood? And their relationship, what made them keep being strong TOGETHER from the birth?

This movie wants to give us some lessons and extend our view ... but ... concerning the bully (you'll know when you watch the movie) OF COURSE he has to come from a wealthy family, OF COURSE the parents must behave like snobs, OF COURSE they must play the card ""With all the money we donate to your school"" ................ Sure ... like bullies shouldn't come from a middle class or lower class family?! I usually don't care that much about that cliche, but in this movie, since they want us to look beyond stereotypes when it comes to people's appearance, why would you make such a series of stereotypes when it comes to that bullying kid's family?? It was a missed opportunity to elevate even more the viewers' mind with demonstrations of empathy, understanding, forgiveness.

And the end - i won't spoil - it felt more like favoritism rather than fairness. J. W. Deserved it much more! (those who saw the film should understand what i mean)"
"A solid 9/10

A very good message, beautifully crafted. Photography is wonderfull and the performances are spot on! Honnestly it is entering in my tops. Jacob Tremblay is a young actor that must be on the spotlight, with his talent... He will do wonders!"
"In essence, 'Wonder (2017)' is a feel-good film with life-affirming, heartwarming tendencies and the usual core themes of family, friendship and discovering your true self. These aspects are seen in most of these coming-of-age dramas, but the piece also tackles the more unique yet universal subjects of inclusion, equality and general kindness. It always does a decent job of making its characters and their issues both believable and empathetic, but never manages to get out of the generally generic space we've seen so many times before. On top of that, there is an over-reliance on at times heavy-handed, 'tell-not-show' narration - the oldest narrative conceit in the book, this time most likely lifted straight from the book on which the piece is based. There's also the odd choice to throw up character name title cards as pseudo chapter breaks (more than likely another hold-out from the source novel) but then not adhere to them in any consistent or meaningful way. Still, the feature is enjoyable and occasionally somewhat affecting despite its short-comings and overly long runtime, something not at all helped by its generally unfocused and plot-light nature. 6/10."
"So simple the history, but so we'll explained! A progression of empathy and love 🙏"
"Wonder

Usually when a student wears a mask to school everyone heads for the nearest exit and calls 9-1-1.

However, if it's the concealed kid in this drama, you welcome them.

Born with a defect that finds him hiding behind a mask in public, Auggie (Jacob Tremblay) has been homeschooled by his parents (Julia Roberts, Owen Wilson) his whole life - until now. Exposed, Auggie faces his peers for the first time. While some are kind, most are not.

Meanwhile, his older sister (Izabela Vidovic) competes against her former BFF for the lead in the school play.

From facial deformities to middle school bullies to a dead dog to an amateur production of Our Town, this family melodrama pulls every tear-jerking trick it can to endear itself to the viewer. Unfortunately, its manipulative schmaltz is boilerplate, sitcom-y even.

Besides, once you get to high school every teenager has a facial deformity. Red Light

vidiotreviews.blogspot.ca"
"So the story follows Auggie, a child with numerous health problems, including several facial deformities, as he leaves home schooling and starts middle school. It also looks at his family.

Okay, the positive is that it is a heartwarming story with great performances from good to great actors.

The negatives are that the story is very contrived. It is based on a novel written by someone who more or less casually interacted (through her son) with a child with facial deformities, and doesn't seem to really have much more insight than that. The story points are fake, with a middle school straight from TV, and mostly upper middle class issues of adults pushed on to the kids. The story idealised, and interactions are stilted and contrived. Ultimately the story always stays outside of Auggie, idealising him, rather than giving him agency or power, while doing the same for everyone else in the story.

What is really missing is the feel good story that could have existed, based on the people that I know with similar issues. What to feel good about yourself, then watch this movie. Want to understand how really kids like Auggie feel and what their needs are, don't."
"I've used IMDB for years to check reviews of movies and have never left a review until now. This will be a very short review. Great acting, the movie flowed very well, was very enjoyable, had me tear up at momments...overall great movie. Anyone, who rated this below a 7 has issues, inner demons that they need to deal with before writing another review. Yes, it is a feel good movie because of the happy ending but who cares? That does not take away from the story. I watch mostly action/syfy movies and this had my attention the entire time."
"The movie deals with the day to day problems of a fifth grader with facial differences. It has very genuine feel and Julia Roberts makes a wonderful mother. August ""Auggie"" Pullman is just adorable. The film also takes a firm stand against bullying which brings out a very strong message for the students of the age group 10 to 16 years."
"It ranks among the greatest movies I've recently watched, in my opinion. I apologize for only hearing about it yesterday, January 31, 2023.

I believe it should have received greater publicity, particularly in places like schools and workplaces where bullying of any kind is so endemic.

I wish this movie had been awarded an Oscar instead of just receiving a mention as an arc over time, a testament to hate

Congratulations to everyone who contributed to the creation of this movie; it is timeless and vibrant no matter the year.

Embrace your day or evening with hope in your heart - at the end of the storm there's a golden sky :)"
"The thing I enjoyed the most about Wonder was how this wasn't just Auggie's story. I would have liked a movie just based around Auggie because of his willingness to keep getting up and trying to roll with the punches. But this movie is told from the perspectives of several characters and I was astounded at how well the movie fleshes out all the people we interact with. We learn about Auggie's sister Via and despite the fact she loves her brother dearly, she is battling her own resentment towards her parents because of the lack of attention that she gets. This is just a sampling, we get some time with a few more characters narrating and telling the story of what they see. I didn't just feel for Auggie, I felt for everyone and there were several moments that had me almost tearing up when Auggie wasn't even onscreen. I can't understate how effective the movie is at showing things from all angles and who would have thought you would get such great character development from a live action movie so obviously geared toward families?

Another thing I appreciated about Wonder is that it takes the time to show that not every problem gets wrapped up in a neat little bow. Auggie faces real struggles and sure, he conquers most of them, but it is far from a walk in the park. He faces constant insults and threats, friends turn on him and he has to gradually earn the respect of the rest of the kids. Some of the kids face pressure because they can't afford to be at this school and stepping out of line means having a scholarship yanked. Others have inattentive parents who are more concerned with themselves and they have to overcompensate to hide their pain. This movie is about these kids (and adults like Auggie's mother and father Isabel and Nate) dealing with this plight on a continual basis and other than the movie ending on a sweet note, it pulls far fewer punches than I expected it to.

Wonder also does a good job of walking a tightrope when it comes to the tone of the movie. There are scenes that are really funny and warm your heart. Soon after however, there's going to be something that sends you crashing back down to earth. The movie never gets too upbeat to be cheesy but never gets too weighed down to be a straight drama. Much like Auggie's life, we go through the suspected highs and lows and we even have a few unexpected twists to keep things interesting (if you haven't seen the trailer there's a cameo by a favourite Star Wars character).

Wonder was able to attract some big names to populate the cast. Jacob Tremblay plays Auggie and he continues his impressive run. He's great for a kid actor and getting the emotion across under heavy makeup would be difficult for a great adult actor. He does outstanding work as Auggie. Izabel Vidovic is also really good as his sister Via. She has almost as enriching of a character and she gets across the bittersweet nature of Via's existence well. Julia Roberts did a much better job as Isabel than I thought she would. She's a great actress but I would have thought she would have been sleepwalking through this. She still oozes charm and she clearly came to work. The same goes for Owen Wilson who gets the short end of the stick with the screen time. He's still does exemplary work though. Credit should also go to Noah Jupe as Auggie's friend Jack and Danielle Rose Russell as Via's former friend Miranda.

I had little to no interest in seeing Wonder when I saw the trailer. I rolled my eyes and it looked like a movie that might have been put on the Disney channel if it didn't have big names in the cast. I was completely wrong. This is a great coming-of-age story that teaches lessons about bullying, not judging a book by its cover and how a story changes completely when you switch points of view. The acting was great, the story was involving, the message was good, and it was conveyed in a way that entire families can easily understand. If you had struggles as a kid (bullying, academics, social problems etc.) I can't imagine you won't find something to identify with in this movie, which I know I did. This movie is excellent and if you're not uncomfortable with some heavy drama, I would put this right up there with A Monster Calls as wonderful yet sad movies that families can enjoy."
"Tells the story of a young boy Auggie (Tremblay) with facial differences and how he affects the people around him.

Whilst this is all perhaps just a little bit too perfect, it wisely avoids gushing sentimentality and focusses as much, if not more on those around Auggie and how directly and indirectly he affects them. So whilst it steers a rather predictable course, it's message that kindness can win through makes for a pleasant heart warming story."
Such wonderful movies need a huge clap in front of the entire audience !! A movie that makes us learn who we really are.... i cannot watch the end without tears in my eyes... Hats off to the entire crew and the boy Auggie in general !!!!!!
"A great movie, with real life problems, a very good example to people, a wake-up call for many of us that forget what is more important in life, and that includes kindness, respect, love and understanding!"
"8.1? Really IMDB?

This is overly cliched sentimental nonsense, it's predictable to the point where it is laughable. Even my son thought it was completely ridiculous.

The thing is I don't even mind stories like this either, it's just such a low effort. The actors are fine but I simply couldn't get past this. You can basically predict everything in advanced. I won't bother you with spoilers but save yourself the two hours.

It doesn't even make you feel good for a feel good story because it's an effort to watch. Plot is thin at times. I feel compelled to review it simply to save you time. If you want a feel good story there are so many better ones out there."
This brought back so much. I was the invisible sister to four brothers who had Duchenes Muscular Dystrophy. People stared where ever we went but no one ever saw me. That was ok though because I got be their sister. There was no such thing as normal. I just wish I could have shared watching this with my Mom.
"I took a chance on this movie because of Julia Roberts. Little did I know it was going to be one of the best movies I've ever seen! It touched on every hot topic about raising children without belaboring on any of them. It showed how tough things can be when it's nobody's fault. I cried through most of the movie I recommend you have tissues nearby. It reminded me of the way I felt after watching ""Pay It Forward"" but with a better ending. If you know of any kid who is going through feeling different because of a genetic disorder, disfigurement, disability, etc., this movie shows a great attitude on how to handle bullies and deal with people who cannot see past the obvious. I especially love this movie because it shows that bullies are a minority, very small minority, and standing up to them can set things right if you do it the right way. I highly recommend this as a family movie."
"With all the crap the film industry puts out today, you really have to wonder if we'll ever see a masterpiece ever again. Perhaps I'm showing my age here but I think the best movies (genre aside) were created in the 90's. Why I didn't watch this movie sooner is my only regret. What a brilliant movie! Sure it's predictable. It's your typical feel good movie but it comes with a valuable lesson for both adults and children and really hits home for many reasons. I'm glad I watched this alone though... grown, 30 year old male, welling up every 10 mins. And I usually hate movies like this. I much prefer horror, thriller and comedy but I'm glad I watched this. Definitely a film I'll be adding to my collection. Ironically, this is exactly why you should never judge a book (or movie in this case) by its cover. Maybe they still make movies like they used to."
"First of all, I would like to give a standing ovation to Jacob Tremblay.

I watched this movie that one night when I was really stressed about my thesis and yeah, this made me really happy. It's not boring and redundant. It is light and heartwarming. A must watch."
"Much too much treacle in this film for my usual taste. I felt pretty much manipulated throughout. But since it's the holiday season, I'll give Wonder a pass for nourishing our souls with an uplifting message at this time of year when we all can use a little soul nourishment.

Had I seen this movie in June, however, it would get only two stars."
Very Touching film. I really enjoyed it. Great Acting from all of the cast. Owen Wilson better performance from recent years. Roberts is always amazing in films. I love that dog. 7/10
"Cried like 5 times and I'm a 30 yr old male, loved the message great movie and great acting"
I could have predicted exactly how this movie went. Guaranteed to have the kid in difficulty fitting in with his peers and culminating in everything turning out just Peachy. It was not overly schmaltzy and it would have so easy to go down that road so that was good. Performances were as expected. But I do swish the writers/director could avoid the cliche of the white kids were mean and every black person in the movie was virtuous. The white parents of the bully were especially mean. Then of course the virtue signalling. I do not need to be lectured when I watch a movie. Otherwise I would have scored it higher.
"""Wonder"": This elevator only goes down

""Wonder"" stars the standout Jason Tremblay of Room. This time, he's grown up and plays Auggie, a 5th Grader and not a five year old as he did in Room. The other standouts include Noah Jupe as Jack, his friend, Bryce Gheisar as Julian, his bully, and Izabela Vidovic as Via (Olivia), his sister. Owen Wilson snarks his way though the film with a some decent dialogue and not much else. Julia Roberts is okay and only slightly nauseating as the mother. Again, the dialogue elevated her performance until the last scenes.

In the end, ""Wonder"" fell apart like a cheap computer that has just passed it's warranty date. Stephen Chbosky's directing of ""Wonder,"" based on the book by R.J. Palacio, is okay, but nothing special. The writing saves a few scenes, the dialogue at least, but the ending ruined a perfectly decent film.

The music was too loud and overbearing, especially during the last unbelievable moments of a film the writers ruined by making sure we were all uplifted by the special moment. In fact, the events in the film for Auggie, a physically deformed boy from birth, pass too easily and with few complications. It would have made a great after-school special, a cliché insult that is totally appropriate here.

The start of the movie brought us into the drama in an interesting manner by slowly introducing us to Auggie, his issues, and his challenges going to school. Another thing the film does well is show how the drama played just not for Auggie, the child with the genetic disfigurement, but how it affects his sister, his sister's best friend Miranda and his friend Jake.

My mom said ""Wonder"" was long. It seemed long, although it was less than two hours. That's not a good sign. If I were to rate the movie from the first third, I would say pay full price. But after thinking about the ending of the film I have to rate it lower.

Rating: Rent it.

The maudlin ending ruined a well constructed opening. But don't blame Tremblay or the other child actors. Blame the writers and director who seemed to think they needed a rousing, over the top ending to sell tickets to a film-going public he seems to think are emotionally retarded.

Peace, Tex"
"Prepare to cry, then to cry a bit more and then a little bit more crying after that."
"Wonder is a great movie that encourages you to be kind to others, it sends a great message. I found the movie to be intense with the tender emotions being very subtly portrayed. The characters have bold outlines, with kindness, acceptance and emotional strength in every scene. It shows that we should express our differences instead of only focusing on the negative things about our unique self. Wonder overcomes negativity and increases confidence and self-esteem, this book is important because it allows ourselves to be fearless.

This film touches the deepest part of who we are and reminds us of the struggles we have had in our search to know our innermost selves and build connections to others that give us strength to keep building a better world where everyone an find the joy of friendship. We are alk learning how to listen, how to advance the lenses through which we see, Ange how we are best when we are loving other people and letting other people love us.

Thank you to everyone who created this movie that allows us to share our love for one another and to embrace the responsibility for reaching out with our words and our kindness. Thank you from stroke -recovering retired teacher who lives through the love of past students who are making the world a better place for all."
"There is really not much for me to say for this movie except that it was so beautifully made. The storytelling of each character was personal but well connected to the broader theme. The scripts were spectacular. Towards the end of the movies, there were a lot of emotional scenes, which of course made me cry like a baby. So well made!"
"It's a movie for all ages. Young or old, it doesn't matter. As long as you didn't lose your sense of humour, you are welcomed to join the journey of a little boy who has plenty of life stories to tell us. So perfectly put, it's the ideal family movie. We all have so much to learn from it. Oh, we should ""wonder"", too. I'm so glad I watched it. Rare are those who truly warm your soul."
"It's not possible to write a spoiler for Wonder (2017): if you see the trailer you have seen the film. The beginning, middle and end are laid bare and no filmmaker would dare not have a happy ending for a child born with a facial disfigurement. The story has few narrative twists and turns, an absence of rising tension, and very little character development. So why see it at all?

The plot line is simple. Smart ten-year old Auggie Pullman (Jacob Tremblay) has been home- schooled by his devoted mother Isabel (Julia Roberts) in order to protect him from the outside world. Wherever he goes people stare at his face, so it has been a tough decade for the boy born with the rare facial deformity. Together with loving father Nate (Owen Wilson) and understanding sister Via (Izabela Vidovic), the family has prepared him as best they can so Auggie can attend a regular school. His encounters with the students are predictably human, as is the effect on the resilient Auggie. Every clichéd scenario we have seen in every coming-of-age film is played out over the ensuing school term: he is isolated in the canteen; laughed at in class; picked on and called a freak. But slowly, people look past his face and see a funny, intelligent, and kind boy who is no different from any other.

This could be one of the most manipulative films you will see in a long time. But it is also one of the most endearing. It all rests on the ability of the cast to reach out from behind the screen and squeeze your heart ever so tightly. The film belongs to Julia Roberts. She has one of the most expressive faces in contemporary cinema and the fear, pain and love she emotes as Auggie's mum is palpable. Anyone who has had a mother will love her performance. Owen Wilson is perfect as a goofy but wise dad whose 'tough love' for Auggie is so empowering. Izabela Vidovic does a superb job as the teenage sister who lives in the shadow of her brother's needs but loves him dearly. With extraordinary talent for such a young actor, Jacob Tremblay is a masked persona in the eye of an emotional storm. The story digresses into several character vignettes to show that even his cruellest tormentors have a back-story that merits sympathy for their behaviour. This is heavy-duty tissues territory.

Few will escape the emotional ambush of this film but you are sure to leave it on a high. Saturated with positive themes and messages, it is especially relevant to anyone who has ever experienced or witnessed bullying or has been shunned because they are different. It is filmed with a down-to- earth realism and a comedic touch that lightens its load but never laughs at the issues. You will not care about overdosing on clichés because this delightful and inspiring film is worth every minute."
This movie was very heartfelt and moving and dealt with every aspects of humanity! The darkness that is in all of us and the accomplishment of overcoming that darkness through change and thought! This was a beautiful masterpiece and they depictions of human error and human kindness! I wish Hollywood would come out with more movies like this that touch the heart of all the viewers and that most can relate to! Less IG and more reality! Too often we are easy to judge and most don't give anyone a first chance without casting judgment first! It would be helpful for us in our everyday life we just remember that we are all humans and that we all have flaws and that we all make mistakes! But we can get through those hard times I learned to be better to ourselves and to those around us! I never give up when you think there is no hope. Don't hate anyone or anything because it's not of your liking.
About kids but wonderful for all ages; well directed and scripted. Good performances by Jacob Tremblay and Julia Roberts.
"I love this movie. It has great humor and Auggie is cute. Even, it tells a very important message about kindness and acceptance. The ending was amazing.

Fantastic (100)"
"The movie different like others is can show much different viewpoint. Owen wilson is so bad acting this movie, the blind man can see he didnt want this movie perhaps just the money. The kids play is not bad but stilll not good. Story is was oke but you need lot of imagination for belive for thats can be happen."
"WARNING- The ending if this film is so sugar coated that you will become diabetic.

This film is basically saying 'Life sucks whether you have a facial deformity or not'.

Julia Roberts is great (as per). Owen Wilson is in a film that isn't an utter embarrassment for once (way to go).

But the film feels like an overlong episode from some bright and breezy TV show. Theres no real depth even though the subject of someone being different could be examined perceptively in relation to human nature and people's vicious pack mentality.

Theres also some vile stereotyping going on here. All the bullies within the film are white and stinking rich. The goodies either have a facial deformity, are related to him, aren't white or are a member of another religion (the Jewish headmaster). Social justice filmmaking. Urgh.

If John Waters had made this film, the lead character would have accentuated his unique looks, dressed in drag and owned this film. Maybe Mr Waters could remake this. In fact I think hes already made that film- it had songs, dance routines, Divine and was called Hairspray.

Watch Mask instead. You get Cher and bikers thrown in as well."
"Great film, I thought the acting was top notch, a nice Sunday afternoon type of film. Owen Wilson always delivers.

Maybe a few clichés in part's but a nice happy little film. My 8 year old daughter enjoyed this also. Would definitely recommend.

If you want a chilled out film and you're stuck for something to watch, then give this a chance.

Remembering this is fiction and in reality there are a lot more bullies in schools than this film depicts, however it was nice to see the main character eventually make friends and actually have the same enjoyments and achievements that most other children would experience growing up.

A good film in general."
Wonder very successfully follows the great story from the book of the same name. This well done and overall perfect film definitely earns some great reviews. A must see for absolutely anyone.
"Adapted from the work of R. J Palacio and directed by Stephen Chbosky, the story is about August (Auggie) Pulman (Jacob Tremblay), an adorable boy who was born with a genetic syndrome whose sequel is a facial deformity, causing the boy to undergo several surgeries and medical complications from birth. After a few years and studying at home under his mother's teaching, it's time for Auggie to face the world and his first and biggest challenge is going to school where he will have to deal with the fact of being the new and different student. About to start his fifth year at a high school in New York, Auggie has a big mission to convince his classmates that, despite his unusual appearance, he is just like everyone else.

The book ""Wonder"" is not just a book about a boy victim of life's circumstances. With a light format that mixes feelings of joy, fun and sadness, the story involves us because it is real and has our feet on the ground, showing that it is possible to face our problems, whatever they may be, but also to understand and respect that each person faces an internal battle that we are not always aware of. That is, on the outside we can be full, but on the inside, a conflict with our own feelings can be silently starting, without knowing the proportion it will take. And if the book teaches us all that and a little more, the film also aligns and faithfully portrays Palacio's work.

Even though it has been a reality in childhood and adolescence in Western society for decades, bullying has only become a topic of wide discussion in recent years. In building the theme, Stephen Chbosky makes use of multiple points of view, dividing the film into chapters, each for one of the main characters. In the introduction, as it should be, Wonder focuses on inserting us into Auggie's daily life, introducing us to his family and new schoolmates. Because the protagonist was educated at home until the age of ten, the process of discovering school life takes place together with the audience and the main character.

When the entire plot is clear to the public, Wonder bets on chapters to develop his supporting characters. With this, the work is no longer a plot focused only on the point of view of the victim of bullying, betting on other angles. Via, Auggie's older sister, for example, has been lonely since childhood, due to the attention her younger brother needs from their parents. To establish this character's loneliness, there is a focus on the absence of her grandmother, in scenes that show the young woman in the same environment in two situations: in the past (accompanied by her grandmother) and in the present (alone). In these mirrored scenes, there is an interesting differentiation in the photograph, which is more gray in the present, different from the warm atmosphere brought by the presence of the grandmother.

The other chapters are also important, but not so well done. His best friend, Jack, and his bully, Julian, end up being the tool of a forced emotional manipulation by the direction, which seeks to exploit the cruelty of the two to the maximum in order to later humanize them and make the audience understand their contexts. Family members, which lead them to be cruel to Auggie. Of course, it's important to understand that bullying doesn't simply stem from human cruelty, but rather from a toxic and oppressive environment that manipulates children, undiscerning human beings with character in formation, but navigating only between the extremes (characters range from angels and demons, just like his parents) is too Manichean, sounding less than human.

The use of space is one of the most commendable points of Wonder. In the scene where Auggie visits his new school for the first time, for example, we see the use of more closed shots, with an emphasis on shadows, creating an oppressive atmosphere in the school corridors, almost like a dungeon. As the boy adapts, however, we notice the use of more open plans and with more lighting. The space is also well used in the construction of her sister, Via, who is constantly photographed in open plans that emphasize empty scenarios, characterizing, at times her loneliness, at times her grandmother's absence.

In the other characters, there are subtle but very potent elements in the development. Isabel, Auggie and Via's mother, for example, says that she had her master's thesis suspended when she started to dedicate her life to taking care of her son - a thesis that the character, when trying to resume, finds difficulties because the content is contained in a floppy, obsolete technology these days. This adds to the weight of all the time when Isabel's professional life was suspended (and even sacrificed) in the name of love for her son.

The script manages to be even more subtle when, in a discussion between the protagonist and a black friend, it inserts a line from the girl in which she says that she ""hates being accused"", suggesting that, if with Auggie the bullying is because of her disfigured face, with she would be for her race. However, the racial issue is the most underused of Wonder. There are two black characters essential to the plot, Summer and Justin (Via's boyfriend), but they end up only being used as a ladder for the characters they relate to - in this case, Auggie and Via. As much as the focus of Wonder is not the racial issue, but the social issue, it should be noted that important themes such as racism arise in an extremely subtle way, so subtle that, apparently, not even the director realized their potential in his narrative.

Even if he tries to use multiple points of view in order to create not a vision, but a comprehensive overview of bullying, Wonder makes a point of remembering that, even when the plot adopts different perspectives, the narrative will always be commanded by Auggie himself. The protagonist is, in addition to the dramatic center of the work, the only one who guides the narrative through his imagination. When the character feels safe, for example, there are images of him dressed as an astronaut, or characters from films he watches at his school appear. This helps not only to maintain narrative cohesion (the existence of a protagonist is essential for the plot to work), but also to create a greater emotional connection with Auggie than with the other characters. Even though we have access to the points of view of several characters, only Auggie allows us to visualize his imagination, bringing us closer.

It is also interesting how, without even a single line of dialogue about it, a relationship of opposites is created between the brothers Auggie and Via. While the first tries to hide and escape from the world, something that we notice in the boy's desire to always wear an astronaut's helmet (which indicates both his instinct for reclusion and his desire to escape the world - the astronaut, in a simplified view, works ""in space""), the sister seeks to be noticed - and goes after that spotlight in a literal way, enrolling in the school's drama class.

While the choice is an interesting one to better present how the boy's condition affects those around him - like his best friend and his sister - it's also a decision that slows the film down a bit in its second act. Often a story is completely interrupted to tell another, which also takes time to develop. The script, written by fellow director Stephen Chbosky, Steve Conrad and Jack Thorne, lacked being a little more dynamic for the language of cinema.

Wonder grows when it comes to the main point of his story: coming of age. Both for people and society. Auggie grows up after his initial difficult relationship with the kids at school. They also learn to deal with differences better, realizing that he is a boy like any other. Even his family, so used to protecting him all the time, understands that the boy needs to go alone at times, for his own good. These are difficult learning experiences, which do not happen overnight, but they make all the difference.

In the cast, Jacob Tremblay has already proven himself to be the best actor of his generation when he steals the show in 'Jack's Room' and does it again in bringing Auggie to life. Despite being under heavy makeup to deform his face, the actor manages to enchant with an expressive performance worthy of an Oscar nomination. It is he who steals all the scenes and manages to thrill the viewer with few words. Julia Roberts is sensational in the skin of the boy's mother, a woman who knows what her son will go through throughout his life for being different and suffers with him. The sharp dialogue between Roberts and Trembley is delightful, and the pair demonstrate absurd on-screen chemistry.

Izabela Vidovic steals the show as young Via, the protagonist's sister who struggles to be noticed by the family while everyone is worried about her brother. More than a sister, Via is a well of understanding and kindness, but at the same time, she is a girl who carries the traditional problems of adolescence. She also has her flaws and battles and teaches Auggie to see that he's not the only one who suffers, despite putting up with a few good ones. Owen Wilson delivers a solid but not memorable performance. Oh, and don't forget to notice Sonia Braga's quick appearance, who in just one scene manages to demonstrate the full power of her performance.

Wonder may sound cliché, but it brings a nice set of analyzes about its characters. Some of them more in-depth, others not so much. All, however, efficiently for the construction of a scenario where bullying is not limited to a victim and a culprit, but to an educational structure that begins in troubled homes and ends with the violence of those who vent their pain outside the home. The director Stephen Chbosky, who had already delivered the sensational 'The Perks of Being a Wallflower', knows how to blend humor and drama in an efficient and wonderful way."
"In ""Wonder"" Auggie, played by Jacob Tremblay, was born with a facial deformity called Treacher Collins syndrome. Brave Auggie endured more than 20 surgeries at 10 years-old. His selfless compassionate Mom Isabel, played by Julia Roberts, home schooled her son, who now mainstreams into private school. Auggie, so weary of the frightened looks of others, cries asking his Mom, ""Why am I so ugly?' This is heartbreaking.

Roberts's Isabel tells him that's not what she sees. She sees his wonderful soul. True. Though that holds little solace for the 10 year-old who feels outcast. He is the kid who admits to walking with his head down to spare others the gazes.

Yes, the world can be unkind. Even among kids. On his school walk through three students, played by genuine Noah Jupe, Bryce Gheisar, and Elle Mckinnon, meet Auggie either looking away or at their shoes. Unlike adults kids aren't good faker. In spite of all resilient Auggie says that people are extraordinary, ""You just have to look.""

Writer and Director Stephen Chbosky's ""Wonder"" is a wonder. His screenplay along with Steve Conrad and Jacob Thorne based on the book by R.J. Palacio is bold and fearlessly compassionate. Instead of maudlin sentimentality, Chbosky brazenly challenges our prejudice of appearances. Look for the person inside. There are a couple cutesy missteps like the Auggie's joke about plastic surgery. Regardless, ""Wonder"" has a pure heart that authentically touches and inspires.

The screenplay based on Palacio book brilliantly portrays multiple character viewpoints of Auggie's story. Izabella Vidovic is the amazing standout as his loving sister Via (Olivia). Via's distant best friend Miranda, played by gentle Danielle Rose Russell, once told her that her family revolves around the son, not the daughter. Via knows that she could have been Auggie in the family genetic roulette. However, she suffers in the shadows of all the love shining upon Auggie. Robert's epiphany of the cost to her daughter is tearful. Roberts and Vidovic viscerally capture love in forgiveness and seeing the other as greater. Owen Wilson as Dad Nate is welcome whimsical relief. Wilson provides surprising gravitas as well. In the amazing scene Dad tells Auggie about that space helmet he used to hide his face.

Charming Nadji Jeter plays theater geek Justin, who sees Via's beautiful soul. He sees her. Likewise, Noah Jupe's Jack's eyes widen realizing his cruel thoughtless words about Auggie to impress his friends. Words matter. The way we look at others also matters. ""Wonder"" is both laughter and tears.

In the end the wondrous boy with the deformed face and big heart reminds us that people can be extraordinary. A wise man once said that what he was good at doing was looking at things. Not to understand them. Rather he wanted be with. All we have to do is look with our hearts and see the wonder."
"A story about a boy who has done surgery in face several times...when he joining in new school he had faced soo many teasing from other fellow students and how he overcome those problem is rest of the story...this movie has simple story in linear way,worth to watch with family members.."
"The movie just starts great. You are immediately suck in to it. It has such a beautiful message that is all over the place ""You can not blend in, when you are born to stick out"".

OK this is great but ,my problem is that it took too long to get that. The whole movie except the first and last 10 minutes looked like it is going to address bullying. And being honest they did pretty bad job there ( excluding one or two things).

Of course they can not exclude this from such a story, but when you address bullying even secondary you have to do it right. Otherwise just skip it all together and let me imagine it or whatever.

This is my only problem, and if I don't think about it. Yeah...great movie, great cast, very well-made, gets you thinking, which is always nice"
"I'm really surprised with the negative reviews on this movie this movie shows the real family support's role in life. It is also a must see for every family with young children,for its anti-buling example. The actors are amazing."
"The movie is great. The cast is amazing, the director is incredible, the music is good and the message is wonderfull, but the story disapoints a little in the end, the story becomes repetitive, and sincerelly that part with the camp was unecessary."
"It has so many scenes take make u realise life if ur in some depression please go for it Rate it 10 before.

Awesome movie Watch with family For every age Young to adult."
"A movie with a beautiful message, and not just for the kids, but for all people... ""be kind, all have their own battles""."
"The film is very good and tells about bullying because of the person's appearance, it's a beautiful film!"
"I love the film because it is beautiful, I've watched this film with my friends and my teacher and I cry in many parts of the film, this film remind me to never judgin a book by its cover, I have an Idiota friend that's him name is Artur martini Maciel, but I like him."
"Auggie is a brilliant character, and kudos to the actor who played the lovable rogue so well. Totally out-shines the bigger stars (Julia Roberts, Owen Wilson) when Auggie is on the screen he just captivates you and makes you smile. Really enjoyed the story but wouldn't say it offers anything out of the ordinary. I haven't read the book either so I can't compare. Worth a watch on a lazy Sunday afternoon, and it's a film that will perk you up and make you feel good- there is still 'wonder' in the world after all."
"Wish i had a family like this one, caring and loving family. This movie is just perfect, show us how a good family (and friends) can makes you feel so good."
"I read the book and i still think book> movie because in some parts it was kind of cliche, and just not fulfilling"
"First of all, I gotta say I read the book and really loved it. The movie adaptation stays pretty close to the book and definitely captures the tone and structure. It is about a boy named August / Auggie with facial deformation. He faces constant insults, friends turn on him, and gradually gets acceptance for who he is, not what he looks like. This film shows just how important it is to be kind to one another, even if it takes you a while to get there. ""Wonder"" is one of those emotional films that make you feel good in the end"
The story is amazing but the details in the book make the movie not that amazing. There are certain things that weren't there which i think adds a lot
"Today we are looking at a movie called ""Wonder"" which is a surprise because it is no ""Wonder"" how bad this movie is. Here is a basic summary: A child name August who has a facial disorder must go to school for the first time after being home schooled his whole life. He gets picked on by a bunch of Bullies and the main person the story focuses on changes people from time to time. From Augusts sister to Augusts old friend and so on. Now that that is out of the way let's talk turkey.

So, by now you must be thinking ""What makes this movie so bad?"" Boy, will I tell you what! This movie is loaded with product placements. Right now from just watching the movie once, trying (and failing) to enjoy it I found 6 product placements! From Nintendo, Mojang, Microsoft, Acer, Google, and Apple! If they cared about raising awareness (about the fact that everyone is equal I think) they wouldn't litter the movie with paid advertisements! To make it worse every single heartfelt or serious moment is insensitively ruined by a burp or fart joke, the most lowbrow and immature humor out there. This movie is a corporate trap. All the people who watch this movie will think they are supporting a message of equality but they are just filling the big heartless companies' leather wallets with cash. Sad speaking of which, just a little thing to add, the message of this movie is very blurred, is it 'Everyone is equal', 'Beauty goes deeper than the surface', or the oh so classic 'never judge a book by its cover? The message is very clouded. Anyway, I am sorely disappointed with this movie. It even has boring 2d text transitions that a 4th grader could make. This movie did not live up to my expectations at all. Even the fight scenes that are the only parts that I enjoyed, still looked fake.

To summarize this movie was a disappointing cash grab. But all the other reviewers will like this movie because they feel like they are supporting a 'good cause' and to that this seasoned reviewer I don't think so! I would not recommend this movie to people like me but all the other average Joes and normies out there: Give it a watch!"
"The film is called WONDER, and the catalyst for wonder should be love, the caring and inclusion that all people carry with them. Perhaps the entire film is overly idealistic, but this overly idealistic film is just the thing to make us revisit the people and things around us. Oh, it turns out we are all the same, we all misunderstand everyone, we all have unspeakable pain, so we need to stand on a higher plane, choose to forgive, choose to be inclusive, choose to be at peace with everyone. We can only be strong enough and bright enough inside if we remain tolerant and loving at all times."
"I went to the cinema on three back-to-back sessions to watch this movie-amazing acting paired with a roller coaster of emotional events, topped off with a great overarching message makes this film outstanding. Will always love this tear-jerking movie."
